Player,Team,PassingAtt,Completions,PassingYds,PassingTD,Interceptions,RushingAtt,RushingYds,RushingTD,FumblesLost,Pos,Receptions,ReceivingYds,ReceivingTD
Josh Allen,BUF,578.1,365.0,4300.1,32.3,14.2,116.7,661.0,6.3,4.2,QB,0.0,0.0,0.0
Patrick Mahomes II,KC,609.3,405.2,4826.7,37.4,11.2,64.8,351.8,3.2,1.9,QB,0.0,0.0,0.0
Jalen Hurts,PHI,493.9,318.0,3822.6,23.7,10.1,157.7,801.1,11.0,2.9,QB,0.0,0.0,0.0
Lamar Jackson,BAL,481.8,305.9,3488.9,25.6,11.6,148.0,938.4,5.5,3.0,QB,0.0,0.0,0.0
Joe Burrow,CIN,591.3,402.0,4589.9,32.7,12.9,63.8,269.3,3.7,2.3,QB,0.0,0.0,0.0
Justin Fields,CHI,410.7,252.7,2927.3,20.4,12.9,160.2,1066.2,6.8,3.5,QB,0.0,0.0,0.0
Justin Herbert,LAC,627.2,421.4,4592.8,30.1,12.7,57.2,220.9,2.0,2.0,QB,0.0,0.0,0.0
Deshaun Watson,CLE,503.8,324.0,3850.6,24.7,11.0,97.1,485.8,4.1,1.8,QB,0.0,0.0,0.0
Dak Prescott,DAL,552.1,364.3,4120.7,29.2,13.8,58.8,251.4,2.4,3.1,QB,0.0,0.0,0.0
Trevor Lawrence,JAC,578.4,378.4,4088.5,26.9,12.2,62.5,285.3,3.9,5.2,QB,0.0,0.0,0.0
Kirk Cousins,MIN,593.0,395.1,4442.7,30.3,12.3,31.6,92.1,1.5,2.8,QB,0.0,0.0,0.0
Daniel Jones,NYG,515.6,335.4,3471.2,20.8,10.0,109.3,636.5,4.9,4.1,QB,0.0,0.0,0.0
Geno Smith,SEA,544.4,370.7,4049.8,27.1,11.3,62.2,323.2,2.0,3.5,QB,0.0,0.0,0.0
Aaron Rodgers,NYJ,559.3,361.9,4060.8,28.1,8.7,35.5,121.5,1.5,2.6,QB,0.0,0.0,0.0
Russell Wilson,DEN,510.8,321.7,3791.8,23.9,10.9,63.4,317.3,2.6,2.1,QB,0.0,0.0,0.0
Tua Tagovailoa,MIA,524.4,346.0,4072.0,27.0,12.0,42.3,131.7,1.6,1.8,QB,0.0,0.0,0.0
Jared Goff,DET,568.6,373.5,4222.3,27.6,11.0,31.2,80.7,1.2,3.5,QB,0.0,0.0,0.0
Anthony Richardson,IND,488.1,301.5,3208.9,18.1,13.2,135.6,610.8,4.2,2.3,QB,0.0,0.0,0.0
Derek Carr,NO,510.4,335.2,3937.2,23.7,11.8,34.5,116.5,0.9,2.6,QB,0.0,0.0,0.0
Matthew Stafford,LAR,529.7,351.9,3997.7,24.5,13.2,29.9,71.0,0.9,2.8,QB,0.0,0.0,0.0
Jordan Love,GB,544.1,344.2,3812.0,23.2,14.8,43.5,168.5,1.5,2.6,QB,0.0,0.0,0.0
Kenny Pickett,PIT,502.2,316.9,3309.4,17.5,12.4,67.0,421.2,3.6,1.5,QB,0.0,0.0,0.0
Bryce Young,CAR,525.1,331.2,3665.0,20.5,12.9,51.1,200.6,1.6,2.3,QB,0.0,0.0,0.0
Brock Purdy,SF,431.2,281.8,3346.8,23.7,9.8,36.2,107.0,2.1,1.4,QB,0.0,0.0,0.0
Jimmy Garoppolo,LV,486.3,321.4,3575.1,21.5,11.9,30.5,67.0,1.5,2.3,QB,0.0,0.0,0.0
Ryan Tannehill,TEN,452.5,294.2,3268.4,19.0,10.9,41.3,162.7,2.3,2.1,QB,0.0,0.0,0.0
C.J. Stroud,HOU,512.0,320.9,3402.6,18.9,14.1,49.4,173.7,1.4,2.4,QB,0.0,0.0,0.0
Mac Jones,NE,494.2,323.4,3443.3,18.9,13.4,50.8,149.7,1.2,2.1,QB,0.0,0.0,0.0
Kyler Murray,ARI,432.5,285.1,2779.4,14.2,9.7,80.9,428.1,3.0,1.9,QB,0.0,0.0,0.0
Sam Howell,WAS,477.0,297.9,3056.4,17.0,12.3,52.8,219.0,1.8,2.4,QB,0.0,0.0,0.0
Desmond Ridder,ATL,437.3,269.6,2911.6,16.4,10.2,38.8,169.0,1.4,3.0,QB,0.0,0.0,0.0
Baker Mayfield,TB,458.8,281.8,2996.3,15.9,11.4,34.5,123.9,1.1,2.1,QB,0.0,0.0,0.0
Jacoby Brissett,WAS,193.4,112.4,1252.4,5.1,3.9,23.0,90.7,0.8,1.5,QB,0.0,0.0,0.0
Kyle Trask,TB,228.7,138.3,1375.3,6.0,6.5,18.8,50.5,0.2,1.2,QB,0.0,0.0,0.0
Colt McCoy,ARI,181.1,118.2,1264.1,4.7,4.7,19.1,63.3,0.5,1.0,QB,0.0,0.0,0.0
Will Levis,TEN,134.9,83.3,979.1,4.1,4.5,18.5,61.3,0.3,0.9,QB,0.0,0.0,0.0
Trey Lance,SF,126.5,77.8,802.5,3.1,3.5,23.1,94.2,0.6,0.8,QB,0.0,0.0,0.0
Brian Hoyer,LV,98.1,59.5,742.8,4.0,4.0,10.4,32.5,0.2,0.8,QB,0.0,0.0,0.0
Taylor Heinicke,ATL,99.0,60.6,704.7,3.8,3.9,18.1,51.0,0.2,1.2,QB,0.0,0.0,0.0
Gardner Minshew II,IND,74.2,46.6,665.1,2.7,2.3,11.9,41.3,0.2,1.2,QB,0.0,0.0,0.0
Mike White,MIA,94.6,56.6,606.9,2.8,3.7,12.6,20.3,0.1,0.6,QB,0.0,0.0,0.0
Bailey Zappe,NE,100.3,61.3,598.8,2.4,3.6,12.0,22.4,0.1,1.1,QB,0.0,0.0,0.0
Clayton Tune,ARI,107.3,64.4,641.2,1.1,3.9,16.0,43.4,0.3,1.1,QB,0.0,0.0,0.0
Sam Darnold,SF,109.5,63.5,529.9,2.1,3.6,14.6,40.6,0.1,1.1,QB,0.0,0.0,0.0
Davis Mills,HOU,84.6,49.6,516.0,1.6,4.0,14.5,31.7,0.2,0.6,QB,0.0,0.0,0.0
Tyrod Taylor,NYG,42.0,27.2,285.9,2.0,1.3,14.3,59.2,0.2,0.3,QB,0.0,0.0,0.0
Marcus Mariota,PHI,54.6,34.3,325.4,1.6,1.2,15.4,48.8,0.3,0.4,QB,0.0,0.0,0.0
Mitch Trubisky,PIT,61.1,40.3,374.1,1.6,1.7,9.0,26.9,0.3,0.2,QB,0.0,0.0,0.0
Tyler Huntley,BAL,52.6,33.1,312.3,1.4,1.4,19.8,59.4,0.2,0.5,QB,0.0,0.0,0.0
Andy Dalton,CAR,65.3,40.6,406.4,1.9,2.4,7.3,15.6,0.1,0.4,QB,0.0,0.0,0.0
Jarrett Stidham,DEN,60.3,34.3,349.1,2.2,2.3,5.3,10.9,0.1,0.4,QB,0.0,0.0,0.0
Brett Rypien,LAR,57.4,32.4,430.8,2.0,5.6,26.2,27.2,0.1,0.9,QB,0.0,0.0,0.0
Sean Clifford,GB,53.2,32.8,374.3,1.6,2.6,8.8,20.0,0.2,0.6,QB,0.0,0.0,0.0
Hendon Hooker,DET,105.3,62.0,573.8,0.0,5.4,20.6,43.1,0.2,1.6,QB,0.0,0.0,0.0
Blaine Gabbert,KC,51.9,30.5,337.6,1.7,2.6,11.2,21.2,0.1,0.5,QB,0.0,0.0,0.0
Nick Mullens,MIN,45.8,34.4,339.9,1.9,2.1,5.0,8.8,0.1,0.7,QB,0.0,0.0,0.0
Teddy Bridgewater,DET,61.1,33.1,352.3,1.2,1.6,4.9,14.0,0.1,0.2,QB,0.0,0.0,0.0
Trevor Siemian,CIN,68.6,41.6,347.6,1.7,2.7,11.7,17.3,0.1,0.5,QB,0.0,0.0,0.0
P.J. Walker,CHI,85.7,43.6,369.3,1.5,4.0,9.9,21.6,0.1,0.4,QB,0.0,0.0,0.0
Joshua Dobbs,CLE,54.5,32.5,335.9,1.5,2.6,10.7,27.4,0.1,0.6,QB,0.0,0.0,0.0
Zach Wilson,NYJ,94.1,52.5,472.9,0.8,5.2,5.4,13.4,0.2,0.5,QB,0.0,0.0,0.0
Stetson Bennett,LAR,69.3,43.0,356.6,1.1,1.7,8.8,18.2,0.1,0.5,QB,0.0,0.0,0.0
Jameis Winston,NO,35.6,23.9,300.2,1.5,1.3,4.0,10.1,0.2,0.2,QB,0.0,0.0,0.0
Easton Stick,LAC,64.5,37.8,342.2,1.6,3.6,15.2,20.6,0.2,0.7,QB,0.0,0.0,0.0
C.J. Beathard,JAC,56.5,33.0,341.2,1.5,2.9,11.6,20.0,0.1,0.6,QB,0.0,0.0,0.0
Drew Lock,SEA,50.8,27.8,318.1,1.6,2.7,5.5,16.1,0.1,0.5,QB,0.0,0.0,0.0
Cooper Rush,DAL,36.1,22.4,271.2,1.5,1.2,2.9,6.6,0.1,0.2,QB,0.0,0.0,0.0
David Blough,ARI,87.0,52.0,307.6,1.2,2.0,7.0,12.8,0.0,0.5,QB,0.0,0.0,0.0
Kyle Allen,BUF,57.8,35.8,387.2,1.2,5.1,10.2,25.3,0.2,2.3,QB,0.0,0.0,0.0
Aidan O'Connell,LV,65.4,38.8,296.2,0.5,2.4,11.4,17.8,0.1,0.6,QB,0.0,0.0,0.0
Matt Barkley,BUF,38.7,23.5,214.7,1.0,1.2,3.1,4.7,0.1,0.3,QB,0.0,0.0,0.0
Malik Willis,TEN,79.6,45.5,311.8,0.5,3.4,16.1,22.0,0.0,0.6,QB,0.0,0.0,0.0
Dorian Thompson-Robinson,CLE,42.4,25.1,240.9,0.5,2.5,9.7,21.1,0.1,0.7,QB,0.0,0.0,0.0
Max Duggan,LAC,21.0,14.0,144.0,1.0,0.0,1.0,3.0,0.0,0.0,QB,0.0,0.0,0.0
Jaren Hall,MIN,19.0,13.0,141.0,1.0,0.0,1.0,3.0,0.0,0.0,QB,0.0,0.0,0.0
Tanner McKee,PHI,16.0,10.0,120.0,1.0,0.0,1.0,6.0,0.0,0.0,QB,0.0,0.0,0.0
Skylar Thompson,MIA,90.7,51.5,243.7,0.7,4.0,26.5,20.4,0.0,0.9,QB,0.0,0.0,0.0
Jake Haener,NO,15.0,10.0,117.0,1.0,0.0,1.0,4.0,0.0,0.0,QB,0.0,0.0,0.0
Mason Rudolph,PIT,51.2,34.9,122.3,0.5,1.2,17.7,14.2,0.0,0.0,QB,0.0,0.0,0.0
Case Keenum,HOU,119.6,59.1,225.4,0.3,1.3,10.0,0.6,0.0,0.8,QB,0.0,0.0,0.0
Matt Corral,CAR,68.8,40.2,197.3,0.1,2.6,18.4,19.2,0.1,0.7,QB,0.0,0.0,0.0
Sam Ehlinger,IND,20.8,11.6,100.1,1.5,7.1,30.3,44.5,0.0,1.6,QB,0.0,0.0,0.0
Shane Buechele,KC,0.0,0.0,34.0,0.1,0.2,0.0,0.2,0.0,0.0,QB,0.0,0.0,0.0
Nate Sudfeld,DET,0.0,0.0,26.3,0.1,0.1,0.0,1.7,0.0,0.0,QB,0.0,0.0,0.0
Tommy DeVito,NYG,0.0,0.0,23.1,0.1,0.1,0.0,0.1,0.0,0.0,QB,0.0,0.0,0.0
Will Grier,DAL,0.0,0.0,9.4,0.0,0.1,0.0,0.0,0.0,0.0,QB,0.0,0.0,0.0
Josh Johnson,BAL,0.0,0.0,0.0,0.0,0.0,0.0,0.0,0.0,0.0,QB,0.0,0.0,0.0
Christian McCaffrey,SF,0.0,0.0,0.0,0.0,0.0,218.7,1011.6,7.5,0.5,RB,74.8,632.0,4.2
Austin Ekeler,LAC,0.0,0.0,0.0,0.0,0.0,191.4,862.8,9.4,1.5,RB,77.5,601.1,3.9
Nick Chubb,CLE,0.0,0.0,0.0,0.0,0.0,280.4,1373.8,9.1,1.1,RB,28.2,234.8,1.1
Derrick Henry,TEN,0.0,0.0,0.0,0.0,0.0,304.8,1336.1,9.2,1.8,RB,31.8,269.7,0.8
Josh Jacobs,LV,0.0,0.0,0.0,0.0,0.0,263.2,1228.8,9.8,1.2,RB,39.8,292.7,0.8
Bijan Robinson,ATL,0.0,0.0,0.0,0.0,0.0,247.9,1181.4,8.7,1.9,RB,40.6,337.2,2.1
Tony Pollard,DAL,0.0,0.0,0.0,0.0,0.0,222.8,1116.5,8.2,0.5,RB,45.5,378.5,2.2
Saquon Barkley,NYG,0.0,0.0,0.0,0.0,0.0,253.8,1133.9,7.9,0.7,RB,52.4,373.1,1.7
Justin Jefferson,MIN,0.0,0.0,0.0,0.0,0.0,3.7,19.0,0.3,0.3,WR,110.9,1523.7,8.1
Ja'Marr Chase,CIN,0.0,0.0,0.0,0.0,0.0,4.9,24.0,0.1,1.1,WR,105.9,1389.9,10.3
Jonathan Taylor,IND,0.0,0.0,0.0,0.0,0.0,276.6,1265.2,8.3,2.1,RB,32.5,229.9,1.0
Cooper Kupp,LAR,0.0,0.0,0.0,0.0,0.0,7.9,73.2,0.8,0.8,WR,108.0,1345.7,8.3
Tyreek Hill,MIA,0.0,0.0,0.0,0.0,0.0,9.2,55.7,0.6,0.4,WR,105.5,1395.3,7.8
Joe Mixon,CIN,0.0,0.0,0.0,0.0,0.0,228.7,954.9,7.4,0.6,RB,50.0,367.3,2.2
Aaron Jones,GB,0.0,0.0,0.0,0.0,0.0,201.0,990.8,5.6,1.3,RB,49.8,375.0,2.7
Najee Harris,PIT,0.0,0.0,0.0,0.0,0.0,263.2,1037.4,6.8,1.2,RB,39.3,267.4,2.2
CeeDee Lamb,DAL,0.0,0.0,0.0,0.0,0.0,8.7,55.8,0.3,0.3,WR,99.2,1294.5,7.7
Travis Kelce,KC,0.0,0.0,0.0,0.0,0.0,0.0,2.2,0.0,0.6,TE,105.5,1236.2,9.8
Davante Adams,LV,0.0,0.0,0.0,0.0,0.0,1.8,7.6,0.1,0.3,WR,93.6,1264.4,8.5
Stefon Diggs,BUF,0.0,0.0,0.0,0.0,0.0,0.6,3.2,0.0,0.4,WR,97.2,1273.8,8.4
Travis Etienne Jr.,JAC,0.0,0.0,0.0,0.0,0.0,218.6,1082.1,6.5,2.3,RB,35.1,285.7,0.9
Alexander Mattison,MIN,0.0,0.0,0.0,0.0,0.0,215.3,942.3,8.1,1.0,RB,34.4,235.9,1.6
Rhamondre Stevenson,NE,0.0,0.0,0.0,0.0,0.0,208.0,961.6,5.9,1.0,RB,51.8,365.0,1.4
Kenneth Walker III,SEA,0.0,0.0,0.0,0.0,0.0,228.7,1040.3,8.2,0.4,RB,25.9,173.7,0.6
A.J. Brown,PHI,0.0,0.0,0.0,0.0,0.0,0.3,3.8,0.0,0.6,WR,77.8,1195.2,8.3
James Conner,ARI,0.0,0.0,0.0,0.0,0.0,214.0,913.3,6.8,0.8,RB,41.0,297.9,1.3
Dameon Pierce,HOU,0.0,0.0,0.0,0.0,0.0,255.5,1069.8,5.8,2.1,RB,32.7,216.2,1.1
Breece Hall,NYJ,0.0,0.0,0.0,0.0,0.0,179.2,871.8,5.9,1.1,RB,36.2,324.1,1.8
Jahmyr Gibbs,DET,0.0,0.0,0.0,0.0,0.0,177.8,780.6,6.5,1.5,RB,44.5,351.0,2.0
Miles Sanders,CAR,0.0,0.0,0.0,0.0,0.0,216.0,1005.7,6.1,1.4,RB,29.8,209.4,0.7
Cam Akers,LAR,0.0,0.0,0.0,0.0,0.0,233.7,987.5,6.5,2.2,RB,25.1,206.6,0.7
Jaylen Waddle,MIA,0.0,0.0,0.0,0.0,0.0,4.1,34.0,0.3,0.7,WR,79.6,1155.3,6.4
Amon-Ra St. Brown,DET,0.0,0.0,0.0,0.0,0.0,8.0,62.7,0.5,0.2,WR,101.1,1139.8,5.7
J.K. Dobbins,BAL,0.0,0.0,0.0,0.0,0.0,173.8,888.7,6.8,0.4,RB,24.0,170.4,1.6
Isiah Pacheco,KC,0.0,0.0,0.0,0.0,0.0,196.7,936.9,6.8,1.9,RB,24.3,199.7,0.7
Rachaad White,TB,0.0,0.0,0.0,0.0,0.0,205.7,841.0,4.5,2.7,RB,48.1,341.5,1.9
Deebo Samuel,SF,0.0,0.0,0.0,0.0,0.0,43.3,257.0,2.4,1.4,WR,68.9,892.5,4.1
Garrett Wilson,NYJ,0.0,0.0,0.0,0.0,0.0,2.4,6.3,0.0,0.8,WR,83.5,1132.6,6.4
Tee Higgins,CIN,0.0,0.0,0.0,0.0,0.0,0.5,2.4,0.0,0.3,WR,80.5,1081.5,6.7
David Montgomery,DET,0.0,0.0,0.0,0.0,0.0,193.5,774.1,6.2,1.0,RB,33.6,278.5,1.1
Amari Cooper,CLE,0.0,0.0,0.0,0.0,0.0,0.5,1.6,0.0,0.1,WR,73.5,1031.6,7.0
Chris Olave,NO,0.0,0.0,0.0,0.0,0.0,0.0,0.1,0.0,1.3,WR,81.3,1137.8,5.6
Christian Watson,GB,0.0,0.0,0.0,0.0,0.0,8.6,69.8,1.0,0.2,WR,69.2,958.3,6.0
DK Metcalf,SEA,0.0,0.0,0.0,0.0,0.0,0.1,1.1,0.0,0.8,WR,82.1,1018.4,7.2
Javonte Williams,DEN,0.0,0.0,0.0,0.0,0.0,178.3,821.4,4.8,1.6,RB,36.8,256.9,1.5
DeVonta Smith,PHI,0.0,0.0,0.0,0.0,0.0,0.0,0.1,0.0,0.6,WR,82.8,1049.9,6.4
James Cook,BUF,0.0,0.0,0.0,0.0,0.0,157.5,796.7,4.7,1.4,RB,35.1,263.2,1.7
Calvin Ridley,JAC,0.0,0.0,0.0,0.0,0.0,2.2,7.7,0.0,0.5,WR,80.4,1021.3,6.5
Jerry Jeudy,DEN,0.0,0.0,0.0,0.0,0.0,1.6,15.0,0.0,0.2,WR,72.8,1050.3,5.6
Alvin Kamara,NO,0.0,0.0,0.0,0.0,0.0,172.6,713.6,3.8,1.1,RB,42.1,370.2,1.8
DJ Moore,CHI,0.0,0.0,0.0,0.0,0.0,6.0,37.1,0.1,0.3,WR,67.0,940.8,6.4
Terry McLaurin,WAS,0.0,0.0,0.0,0.0,0.0,3.3,20.2,0.1,0.2,WR,73.8,1036.6,5.0
Mike Williams,LAC,0.0,0.0,0.0,0.0,0.0,1.0,4.5,0.0,0.1,WR,70.9,988.3,6.0
Mike Evans,TB,0.0,0.0,0.0,0.0,0.0,0.0,6.8,0.0,0.1,WR,71.2,993.6,5.8
Keenan Allen,LAC,0.0,0.0,0.0,0.0,0.0,1.3,7.4,0.0,0.6,WR,89.6,992.8,5.6
DeAndre Hopkins,TEN,0.0,0.0,0.0,0.0,0.0,0.2,1.2,0.0,0.7,WR,78.1,991.6,5.3
AJ Dillon,GB,0.0,0.0,0.0,0.0,0.0,166.0,725.4,5.6,0.7,RB,25.0,198.3,0.7
Christian Kirk,JAC,0.0,0.0,0.0,0.0,0.0,3.5,21.0,0.1,0.5,WR,74.2,919.1,5.9
Brian Robinson Jr.,WAS,0.0,0.0,0.0,0.0,0.0,210.7,886.7,4.3,0.5,RB,16.2,105.0,0.7
Mark Andrews,BAL,0.0,0.0,0.0,0.0,0.0,0.0,11.9,0.1,0.2,TE,74.8,885.9,6.4
D'Andre Swift,PHI,0.0,0.0,0.0,0.0,0.0,118.2,556.4,4.8,0.8,RB,40.8,335.8,1.9
Khalil Herbert,CHI,0.0,0.0,0.0,0.0,0.0,161.8,803.7,4.6,0.4,RB,19.2,130.2,0.7
Tyler Lockett,SEA,0.0,0.0,0.0,0.0,0.0,0.2,0.7,0.0,0.6,WR,74.9,895.5,5.8
Brandon Aiyuk,SF,0.0,0.0,0.0,0.0,0.0,2.7,18.3,0.2,0.6,WR,64.7,890.3,5.3
Drake London,ATL,0.0,0.0,0.0,0.0,0.0,0.0,0.1,0.0,1.8,WR,75.9,937.1,5.5
Chris Godwin,TB,0.0,0.0,0.0,0.0,0.0,2.7,13.4,0.1,0.7,WR,89.7,967.5,4.1
Marquise Brown,ARI,0.0,0.0,0.0,0.0,0.0,1.4,8.3,0.0,0.3,WR,77.8,910.5,4.8
Gabe Davis,BUF,0.0,0.0,0.0,0.0,0.0,0.1,0.7,0.0,0.4,WR,51.1,818.5,6.5
Jahan Dotson,WAS,0.0,0.0,0.0,0.0,0.0,2.4,8.3,0.1,0.2,WR,59.1,829.1,5.8
Diontae Johnson,PIT,0.0,0.0,0.0,0.0,0.0,4.6,25.2,0.0,0.5,WR,80.3,912.8,4.3
George Pickens,PIT,0.0,0.0,0.0,0.0,0.0,2.8,18.0,0.4,0.2,WR,56.3,836.7,5.1
Samaje Perine,DEN,0.0,0.0,0.0,0.0,0.0,149.4,627.3,3.8,0.3,RB,28.9,232.9,1.5
T.J. Hockenson,MIN,0.0,0.0,0.0,0.0,0.0,0.0,0.7,0.0,0.5,TE,80.9,833.5,5.7
Dalvin Cook,NYJ,0.0,0.0,0.0,0.0,0.0,175.3,687.7,4.1,1.4,RB,26.2,194.9,0.9
Antonio Gibson,WAS,0.0,0.0,0.0,0.0,0.0,139.1,558.7,3.6,1.1,RB,42.6,309.7,1.4
George Kittle,SF,0.0,0.0,0.0,0.0,0.0,0.0,4.3,0.0,0.5,TE,60.4,779.1,5.9
Jeff Wilson Jr.,MIA,0.0,0.0,0.0,0.0,0.0,141.1,649.1,4.5,1.5,RB,22.7,174.1,1.1
Brandin Cooks,DAL,0.0,0.0,0.0,0.0,0.0,3.0,19.4,0.1,0.1,WR,62.0,812.1,4.7
Rashaad Penny,PHI,0.0,0.0,0.0,0.0,0.0,156.0,752.8,5.1,0.7,RB,8.3,56.5,0.2
Jordan Addison,MIN,0.0,0.0,0.0,0.0,0.0,2.5,14.1,0.1,0.7,WR,60.9,813.5,5.0
Michael Pittman Jr.,IND,0.0,0.0,0.0,0.0,0.0,2.4,20.8,0.0,0.5,WR,75.8,857.5,4.1
Jamaal Williams,NO,0.0,0.0,0.0,0.0,0.0,161.5,662.4,5.4,0.7,RB,14.1,106.4,0.5
Treylon Burks,TEN,0.0,0.0,0.0,0.0,0.0,6.9,52.9,0.1,0.2,WR,58.0,796.3,4.0
Darren Waller,NYG,0.0,0.0,0.0,0.0,0.0,0.0,1.1,0.0,0.3,TE,65.9,799.7,4.9
Jaxon Smith-Njigba,SEA,0.0,0.0,0.0,0.0,0.0,1.2,8.6,0.0,0.7,WR,59.1,790.6,4.5
Michael Thomas,NO,0.0,0.0,0.0,0.0,0.0,0.3,1.2,0.0,0.2,WR,68.0,776.5,4.6
Courtland Sutton,DEN,0.0,0.0,0.0,0.0,0.0,0.5,2.7,0.0,0.1,WR,58.1,793.0,4.2
JuJu Smith-Schuster,NE,0.0,0.0,0.0,0.0,0.0,0.2,1.0,0.1,0.7,WR,72.5,803.7,3.9
Kyle Pitts,ATL,0.0,0.0,0.0,0.0,0.0,0.0,0.5,0.0,0.1,TE,59.1,787.0,4.0
Elijah Mitchell,SF,0.0,0.0,0.0,0.0,0.0,141.0,641.1,4.1,0.3,RB,13.1,95.0,0.8
Zay Flowers,BAL,0.0,0.0,0.0,0.0,0.0,2.1,14.5,0.1,0.7,WR,53.7,731.8,4.7
Raheem Mostert,MIA,0.0,0.0,0.0,0.0,0.0,137.1,607.5,3.3,0.8,RB,23.7,166.6,0.9
Tyler Allgeier,ATL,0.0,0.0,0.0,0.0,0.0,148.1,687.4,3.4,0.3,RB,11.8,90.7,0.5
Kadarius Toney,KC,0.0,0.0,0.0,0.0,0.0,10.2,102.3,1.3,0.6,WR,51.8,590.3,4.1
Jakobi Meyers,LV,0.0,0.0,0.0,0.0,0.0,1.1,3.8,0.0,0.7,WR,62.5,749.3,3.9
Dallas Goedert,PHI,0.0,0.0,0.0,0.0,0.0,0.0,0.4,0.0,0.5,TE,64.0,736.6,4.1
Odell Beckham Jr.,BAL,0.0,0.0,0.0,0.0,0.0,1.6,19.2,0.2,0.2,WR,51.1,676.5,4.4
Nico Collins,HOU,0.0,0.0,0.0,0.0,0.0,0.0,0.2,0.0,0.1,WR,56.0,712.8,4.3
Marquez Valdes-Scantling,KC,0.0,0.0,0.0,0.0,0.0,0.7,1.9,0.0,0.1,WR,43.1,702.7,4.3
DJ Chark Jr.,CAR,0.0,0.0,0.0,0.0,0.0,0.1,1.4,0.0,0.1,WR,46.7,725.6,3.9
Zach Charbonnet,SEA,0.0,0.0,0.0,0.0,0.0,124.3,535.7,3.4,1.0,RB,23.6,186.3,0.8
Tyler Boyd,CIN,0.0,0.0,0.0,0.0,0.0,1.5,9.0,0.0,0.2,WR,58.2,713.7,3.9
Quentin Johnston,LAC,0.0,0.0,0.0,0.0,0.0,2.5,14.0,0.1,0.7,WR,48.9,698.2,4.0
Michael Gallup,DAL,0.0,0.0,0.0,0.0,0.0,0.0,0.2,0.0,0.1,WR,49.8,658.8,4.6
Allen Lazard,NYJ,0.0,0.0,0.0,0.0,0.0,2.1,12.6,0.0,0.1,WR,50.7,646.1,4.5
Damien Harris,BUF,0.0,0.0,0.0,0.0,0.0,125.5,558.6,3.9,0.7,RB,17.1,116.6,0.4
Darnell Mooney,CHI,0.0,0.0,0.0,0.0,0.0,2.0,9.8,0.1,0.1,WR,52.2,665.9,4.0
D'Onta Foreman,CHI,0.0,0.0,0.0,0.0,0.0,134.7,662.0,3.3,0.6,RB,7.0,51.8,0.2
Adam Thielen,CAR,0.0,0.0,0.0,0.0,0.0,0.6,4.1,0.0,0.2,WR,56.2,650.1,4.2
Ezekiel Elliott,NE,0.0,0.0,0.0,0.0,0.0,142.0,536.9,4.0,0.8,RB,15.3,112.8,0.5
Zay Jones,JAC,0.0,0.0,0.0,0.0,0.0,1.9,8.4,0.0,0.2,WR,60.3,660.6,3.9
Devin Singletary,HOU,0.0,0.0,0.0,0.0,0.0,129.1,547.4,2.8,1.2,RB,24.2,176.3,0.4
DeVante Parker,NE,0.0,0.0,0.0,0.0,0.0,0.0,0.2,0.0,0.1,WR,45.7,669.5,3.7
Rondale Moore,ARI,0.0,0.0,0.0,0.0,0.0,14.2,61.6,0.2,0.4,WR,66.6,687.3,2.2
Skyy Moore,KC,0.0,0.0,0.0,0.0,0.0,5.5,33.7,0.2,2.1,WR,50.4,642.7,3.9
Chuba Hubbard,CAR,0.0,0.0,0.0,0.0,0.0,110.9,520.1,3.1,0.7,RB,17.9,157.4,0.5
Romeo Doubs,GB,0.0,0.0,0.0,0.0,0.0,0.6,6.3,0.0,0.7,WR,54.5,641.1,4.1
Pat Freiermuth,PIT,0.0,0.0,0.0,0.0,0.0,0.0,0.4,0.0,0.2,TE,59.9,636.5,4.1
Evan Engram,JAC,0.0,0.0,0.0,0.0,0.0,0.0,5.8,0.0,0.2,TE,62.6,653.4,3.6
Curtis Samuel,WAS,0.0,0.0,0.0,0.0,0.0,25.8,139.8,0.8,0.5,WR,47.9,522.7,2.6
Jonathan Mingo,CAR,0.0,0.0,0.0,0.0,0.0,1.2,12.9,0.1,0.4,WR,47.4,652.7,3.2
Jaylen Warren,PIT,0.0,0.0,0.0,0.0,0.0,104.8,472.7,2.6,0.4,RB,23.5,200.0,0.4
Donovan Peoples-Jones,CLE,0.0,0.0,0.0,0.0,0.0,0.4,0.5,0.0,0.6,WR,45.0,659.7,3.2
Van Jefferson,LAR,0.0,0.0,0.0,0.0,0.0,0.7,4.9,0.0,0.1,WR,42.5,609.7,3.8
De'Von Achane,MIA,0.0,0.0,0.0,0.0,0.0,112.2,451.3,2.9,0.9,RB,21.6,181.2,0.9
Kenneth Gainwell,PHI,0.0,0.0,0.0,0.0,0.0,92.5,404.8,3.8,0.3,RB,22.1,169.8,0.7
David Njoku,CLE,0.0,0.0,0.0,0.0,0.0,0.0,5.3,0.0,0.4,TE,52.8,577.8,4.3
Elijah Moore,CLE,0.0,0.0,0.0,0.0,0.0,4.9,24.9,0.2,0.1,WR,44.3,600.0,3.3
Chigoziem Okonkwo,TEN,0.0,0.0,0.0,0.0,0.0,5.0,18.9,0.2,0.1,TE,46.9,572.9,3.8
K.J. Osborn,MIN,0.0,0.0,0.0,0.0,0.0,2.9,14.4,0.1,0.2,WR,48.6,557.9,4.2
Jerick McKinnon,KC,0.0,0.0,0.0,0.0,0.0,57.0,222.6,1.6,0.2,RB,38.4,328.7,3.0
Dalton Schultz,HOU,0.0,0.0,0.0,0.0,0.0,0.0,0.4,0.0,0.5,TE,56.0,574.8,4.2
Hunter Renfrow,LV,0.0,0.0,0.0,0.0,0.0,0.4,3.8,0.0,0.6,WR,60.6,603.9,3.6
Gus Edwards,BAL,0.0,0.0,0.0,0.0,0.0,119.9,567.2,3.2,0.9,RB,6.8,59.0,0.2
Jayden Reed,GB,0.0,0.0,0.0,0.0,0.0,2.4,16.6,0.1,0.2,WR,47.9,603.6,3.1
Rashid Shaheed,NO,0.0,0.0,0.0,0.0,0.0,3.7,42.9,0.8,0.1,WR,38.1,567.7,2.4
Jameson Williams,DET,0.0,0.0,0.0,0.0,0.0,1.9,20.4,0.1,0.5,WR,38.9,584.6,3.2
Isaiah Hodgins,NYG,0.0,0.0,0.0,0.0,0.0,0.0,0.6,0.0,0.7,WR,47.3,525.2,4.6
Tyler Higbee,LAR,0.0,0.0,0.0,0.0,0.0,0.0,0.5,0.0,0.1,TE,61.3,578.1,3.5
Greg Dulcich,DEN,0.0,0.0,0.0,0.0,0.0,0.0,0.8,0.0,0.1,TE,46.2,569.9,3.6
Rashod Bateman,BAL,0.0,0.0,0.0,0.0,0.0,0.0,0.2,0.0,0.9,WR,40.0,607.8,3.1
Tank Bigsby,JAC,0.0,0.0,0.0,0.0,0.0,108.5,434.8,2.7,0.9,RB,17.9,142.3,0.7
Gerald Everett,LAC,0.0,0.0,0.0,0.0,0.0,0.0,0.7,0.0,0.3,TE,51.1,527.8,3.7
John Metchie III,HOU,0.0,0.0,0.0,0.0,0.0,0.9,8.2,0.0,0.2,WR,43.2,561.9,2.8
Alec Pierce,IND,0.0,0.0,0.0,0.0,0.0,0.0,0.2,0.0,0.1,WR,39.2,591.3,2.5
Juwan Johnson,NO,0.0,0.0,0.0,0.0,0.0,0.0,0.3,0.0,0.1,TE,40.3,476.9,4.2
Dalton Kincaid,BUF,0.0,0.0,0.0,0.0,0.0,0.0,1.0,0.0,0.4,TE,43.0,492.2,3.9
Robert Woods,HOU,0.0,0.0,0.0,0.0,0.0,4.2,21.2,0.2,0.5,WR,53.0,543.5,2.6
Chase Claypool,CHI,0.0,0.0,0.0,0.0,0.0,5.6,37.6,0.2,0.5,WR,35.9,497.7,2.7
Cole Kmet,CHI,0.0,0.0,0.0,0.0,0.0,0.0,0.5,0.0,0.2,TE,42.9,472.4,3.8
Mecole Hardman Jr.,NYJ,0.0,0.0,0.0,0.0,0.0,7.9,60.0,0.8,0.8,WR,36.2,443.0,2.6
Russell Gage,TB,0.0,0.0,0.0,0.0,0.0,0.5,1.6,0.0,0.4,WR,55.5,548.9,2.5
Roschon Johnson,CHI,0.0,0.0,0.0,0.0,0.0,96.7,436.1,2.3,1.0,RB,9.9,104.5,0.5
Marvin Jones Jr.,DET,0.0,0.0,0.0,0.0,0.0,0.1,0.5,0.0,0.1,WR,37.9,495.8,3.2
Corey Davis,NYJ,0.0,0.0,0.0,0.0,0.0,0.0,0.3,0.0,0.2,WR,35.7,525.7,2.7
Darius Slayton,NYG,0.0,0.0,0.0,0.0,0.0,0.5,1.5,0.0,0.5,WR,35.8,545.4,2.3
Rashee Rice,KC,0.0,0.0,0.0,0.0,0.0,1.2,8.0,0.0,0.4,WR,33.5,486.3,3.0
Chase Edmonds,TB,0.0,0.0,0.0,0.0,0.0,81.6,358.3,1.8,0.4,RB,20.2,162.6,0.8
Irv Smith Jr.,CIN,0.0,0.0,0.0,0.0,0.0,0.0,0.5,0.0,0.1,TE,43.4,412.3,4.1
Mack Hollins,ATL,0.0,0.0,0.0,0.0,0.0,1.1,16.9,0.1,0.2,WR,38.8,468.0,2.9
Hunter Henry,NE,0.0,0.0,0.0,0.0,0.0,0.0,0.5,0.0,0.1,TE,41.1,484.1,2.9
Cordarrelle Patterson,ATL,0.0,0.0,0.0,0.0,0.0,72.5,309.1,2.4,0.2,RB,19.5,158.6,0.8
Allen Robinson II,PIT,0.0,0.0,0.0,0.0,0.0,0.1,0.4,0.0,0.1,WR,39.7,487.0,2.7
Sam LaPorta,DET,0.0,0.0,0.0,0.0,0.0,0.0,0.8,0.0,0.4,TE,41.6,453.2,3.3
Joshua Kelley,LAC,0.0,0.0,0.0,0.0,0.0,93.1,380.6,2.3,1.2,RB,13.6,115.7,0.3
Noah Fant,SEA,0.0,0.0,0.0,0.0,0.0,0.0,0.8,0.0,0.1,TE,43.7,450.7,2.9
Parris Campbell,NYG,0.0,0.0,0.0,0.0,0.0,3.6,35.8,0.1,0.3,WR,38.8,451.4,2.2
Clyde Edwards-Helaire,KC,0.0,0.0,0.0,0.0,0.0,77.3,325.1,2.1,0.3,RB,13.2,115.1,0.9
Tyjae Spears,TEN,0.0,0.0,0.0,0.0,0.0,90.7,357.0,1.9,0.8,RB,15.3,128.1,0.6
Hayden Hurst,CAR,0.0,0.0,0.0,0.0,0.0,0.0,0.4,0.0,0.5,TE,46.7,445.1,3.0
Dawson Knox,BUF,0.0,0.0,0.0,0.0,0.0,0.0,0.7,0.0,0.2,TE,36.0,401.5,3.5
Zach Ertz,ARI,0.0,0.0,0.0,0.0,0.0,0.0,0.3,0.0,0.1,TE,44.8,442.4,2.8
Taysom Hill,NO,0.0,0.0,0.0,0.0,0.0,40.4,167.1,2.6,1.1,TE,14.3,192.1,1.7
Cade Otton,TB,0.0,0.0,0.0,0.0,0.0,0.0,0.7,0.0,0.1,TE,45.1,452.8,2.4
Jelani Woods,IND,0.0,0.0,0.0,0.0,0.0,0.0,0.9,0.0,0.1,TE,34.5,419.5,2.8
Khalil Shakir,BUF,0.0,0.0,0.0,0.0,0.0,1.2,6.9,0.1,0.2,WR,32.0,446.3,2.1
Ty Chandler,MIN,0.0,0.0,0.0,0.0,0.0,87.2,321.3,2.0,0.7,RB,13.8,113.3,0.6
Tyquan Thornton,NE,0.0,0.0,0.0,0.0,0.0,3.2,14.0,0.5,0.1,WR,29.3,386.1,2.3
Tyler Conklin,NYJ,0.0,0.0,0.0,0.0,0.0,0.0,3.4,0.0,0.1,TE,45.2,424.5,2.4
Chase Brown,CIN,0.0,0.0,0.0,0.0,0.0,72.4,293.8,1.8,0.8,RB,18.0,145.5,0.6
Kyren Williams,LAR,0.0,0.0,0.0,0.0,0.0,82.9,339.0,1.4,0.5,RB,16.3,130.8,0.4
Mike Gesicki,NE,0.0,0.0,0.0,0.0,0.0,0.0,0.3,0.0,0.1,TE,35.4,404.6,2.6
Kendrick Bourne,NE,0.0,0.0,0.0,0.0,0.0,5.3,34.8,0.2,0.2,WR,31.3,410.5,1.8
Joshua Palmer,LAC,0.0,0.0,0.0,0.0,0.0,0.5,1.8,0.0,0.1,WR,35.0,429.3,2.1
Logan Thomas,WAS,0.0,0.0,0.0,0.0,0.0,0.0,0.7,0.0,0.1,TE,44.0,421.3,2.2
Jerome Ford,CLE,0.0,0.0,0.0,0.0,0.0,91.6,337.0,1.7,0.6,RB,10.2,99.9,0.3
Wan'Dale Robinson,NYG,0.0,0.0,0.0,0.0,0.0,2.6,11.4,0.1,0.5,WR,34.9,429.7,1.8
Michael Mayer,LV,0.0,0.0,0.0,0.0,0.0,0.0,1.2,0.0,0.4,TE,37.8,394.4,2.6
Josh Reynolds,DET,0.0,0.0,0.0,0.0,0.0,0.3,0.4,0.0,0.2,WR,28.7,403.2,2.2
Nick Westbrook-Ikhine,TEN,0.0,0.0,0.0,0.0,0.0,0.0,0.4,0.0,0.2,WR,28.3,392.5,2.4
Ronald Jones II,DAL,0.0,0.0,0.0,0.0,0.0,77.3,346.3,2.1,0.6,RB,6.6,53.0,0.2
Kendre Miller,NO,0.0,0.0,0.0,0.0,0.0,84.3,301.6,1.6,0.8,RB,11.4,112.4,0.5
Marvin Mims Jr.,DEN,0.0,0.0,0.0,0.0,0.0,0.9,4.6,0.0,0.2,WR,26.8,400.0,2.0
Jake Ferguson,DAL,0.0,0.0,0.0,0.0,0.0,0.0,0.5,0.0,0.1,TE,35.1,352.0,2.7
Keaontay Ingram,ARI,0.0,0.0,0.0,0.0,0.0,72.6,297.0,1.8,0.4,RB,13.7,93.5,0.3
Jalin Hyatt,NYG,0.0,0.0,0.0,0.0,0.0,1.1,8.2,0.0,0.4,WR,28.8,397.1,1.8
Ben Skowronek,LAR,0.0,0.0,0.0,0.0,0.0,0.4,4.7,0.3,0.1,WR,37.6,387.3,1.5
Israel Abanikanda,NYJ,0.0,0.0,0.0,0.0,0.0,94.3,352.4,0.3,0.5,RB,0.0,130.8,0.1
Trey McBride,ARI,0.0,0.0,0.0,0.0,0.0,0.0,0.5,0.0,0.1,TE,35.7,378.1,2.0
Terrace Marshall Jr.,CAR,0.0,0.0,0.0,0.0,0.0,0.0,0.1,0.0,0.1,WR,25.4,406.2,1.5
Luke Musgrave,GB,0.0,0.0,0.0,0.0,0.0,0.0,0.9,0.0,0.4,TE,33.7,355.0,2.3
Greg Dortch,ARI,0.0,0.0,0.0,0.0,0.0,5.8,42.8,0.1,0.5,WR,37.7,365.0,1.4
Latavius Murray,BUF,0.0,0.0,0.0,0.0,0.0,62.7,293.3,1.7,0.0,RB,10.3,75.1,0.2
Michael Wilson,ARI,0.0,0.0,0.0,0.0,0.0,0.5,5.5,0.0,0.2,WR,32.9,390.8,1.4
Tutu Atwell,LAR,0.0,0.0,0.0,0.0,0.0,7.1,34.6,0.4,0.2,WR,23.8,344.4,1.3
Richie James Jr.,KC,0.0,0.0,0.0,0.0,0.0,0.6,1.8,0.0,1.6,WR,26.8,352.6,2.2
Sterling Shepard,NYG,0.0,0.0,0.0,0.0,0.0,2.7,16.3,0.1,0.1,WR,28.5,335.8,1.6
Matt Breida,NYG,0.0,0.0,0.0,0.0,0.0,59.5,266.2,1.2,0.8,RB,12.9,103.9,0.3
Isaiah Spiller,LAC,0.0,0.0,0.0,0.0,0.0,70.5,274.3,1.2,0.3,RB,9.5,82.1,0.3
Zack Moss,IND,0.0,0.0,0.0,0.0,0.0,66.9,295.0,1.3,0.5,RB,9.2,63.7,0.2
Josh Downs,IND,0.0,0.0,0.0,0.0,0.0,0.8,6.0,0.0,0.2,WR,22.6,344.8,1.4
Robbie Chosen,MIA,0.0,0.0,0.0,0.0,0.0,0.3,1.9,0.0,0.2,WR,30.3,332.7,1.7
Zamir White,LV,0.0,0.0,0.0,0.0,0.0,59.4,253.0,1.9,0.2,RB,10.4,48.6,0.3
Isaiah Likely,BAL,0.0,0.0,0.0,0.0,0.0,0.0,0.6,0.0,0.0,TE,24.0,296.5,2.2
Tank Dell,HOU,0.0,0.0,0.0,0.0,0.0,0.6,3.9,0.0,0.3,WR,25.0,351.6,1.2
Zach Evans,LAR,0.0,0.0,0.0,0.0,0.0,61.1,232.3,1.3,0.5,RB,9.8,91.4,0.4
Kayshon Boutte,NE,0.0,0.0,0.0,0.0,0.0,1.6,9.8,0.1,0.3,WR,0.0,388.5,0.3
Kenyan Drake,IND,0.0,0.0,0.0,0.0,0.0,55.2,231.3,1.2,0.2,RB,13.0,98.4,0.2
Braxton Berrios,MIA,0.0,0.0,0.0,0.0,0.0,1.7,20.3,0.3,0.4,WR,24.6,290.8,1.4
Laviska Shenault Jr.,CAR,0.0,0.0,0.0,0.0,0.0,16.7,84.2,0.7,0.2,WR,18.7,241.9,0.8
Abram Smith,MIN,0.0,0.0,0.0,0.0,0.0,0.0,173.4,1.2,0.1,RB,16.2,126.5,0.6
Isaiah McKenzie,IND,0.0,0.0,0.0,0.0,0.0,8.2,41.7,0.3,0.1,WR,23.8,274.3,1.3
Deuce Vaughn,DAL,0.0,0.0,0.0,0.0,0.0,65.9,223.4,1.3,0.7,RB,10.9,89.2,0.5
Austin Hooper,LV,0.0,0.0,0.0,0.0,0.0,0.0,0.3,0.0,0.0,TE,28.2,298.6,1.7
Trey Palmer,TB,0.0,0.0,0.0,0.0,0.0,0.4,5.5,0.0,0.1,WR,31.9,306.6,1.4
Corey Clement,ARI,0.0,0.0,0.0,0.0,0.0,57.0,207.2,1.7,0.4,RB,11.8,81.3,0.2
Quez Watkins,PHI,0.0,0.0,0.0,0.0,0.0,0.5,0.9,0.0,0.2,WR,19.5,294.0,1.4
Eric Gray,NYG,0.0,0.0,0.0,0.0,0.0,50.0,212.6,1.1,0.8,RB,8.5,71.6,0.4
Jauan Jennings,SF,0.0,0.0,0.0,0.0,0.0,0.0,0.2,0.0,0.1,WR,21.9,277.5,1.3
JaMycal Hasty,JAC,0.0,0.0,0.0,0.0,0.0,36.9,180.2,1.0,0.2,RB,12.9,95.6,0.4
Michael Carter,NYJ,0.0,0.0,0.0,0.0,0.0,42.1,163.0,0.6,0.3,RB,12.4,123.2,0.3
Ke'Shawn Vaughn,TB,0.0,0.0,0.0,0.0,0.0,55.1,217.3,1.3,0.6,RB,6.9,45.3,0.2
Noah Gray,KC,0.0,0.0,0.0,0.0,0.0,0.0,5.1,0.0,0.0,TE,22.2,240.4,1.4
Puka Nacua,LAR,0.0,0.0,0.0,0.0,0.0,0.8,4.8,0.1,0.1,WR,15.3,283.9,0.6
Chris Moore,TEN,0.0,0.0,0.0,0.0,0.0,1.2,3.2,0.0,0.0,WR,24.1,260.7,1.0
Luke Schoonmaker,DAL,0.0,0.0,0.0,0.0,0.0,0.0,1.4,0.0,0.3,TE,21.0,238.2,1.5
Kalif Raymond,DET,0.0,0.0,0.0,0.0,0.0,2.3,22.6,0.2,0.2,WR,18.3,220.7,1.1
Jordan Mason,SF,0.0,0.0,0.0,0.0,0.0,51.1,231.8,0.8,0.2,RB,2.9,33.7,0.1
Melvin Gordon III,BAL,0.0,0.0,0.0,0.0,0.0,38.7,175.7,0.9,0.8,RB,10.5,82.4,0.3
Robert Tonyan,CHI,0.0,0.0,0.0,0.0,0.0,0.0,0.3,0.0,0.0,TE,19.8,218.5,1.5
Donald Parham Jr.,LAC,0.0,0.0,0.0,0.0,0.0,0.0,0.3,0.0,0.0,TE,17.7,208.3,1.6
Pierre Strong Jr.,NE,0.0,0.0,0.0,0.0,0.0,45.8,189.9,0.7,0.2,RB,5.4,64.4,0.2
Jonnu Smith,ATL,0.0,0.0,0.0,0.0,0.0,0.0,5.9,0.0,0.0,TE,19.6,220.5,1.2
Foster Moreau,NO,0.0,0.0,0.0,0.0,0.0,0.0,0.3,0.0,0.4,TE,16.7,232.1,1.2
Cedric Tillman,CLE,0.0,0.0,0.0,0.0,0.0,0.8,5.1,0.1,0.2,WR,9.5,258.2,0.6
Will Dissly,SEA,0.0,0.0,0.0,0.0,0.0,0.0,0.6,0.0,0.1,TE,20.9,222.0,1.2
Ameer Abdullah,LV,0.0,0.0,0.0,0.0,0.0,28.1,97.1,0.4,0.1,RB,18.4,140.5,0.6
Brock Wright,DET,0.0,0.0,0.0,0.0,0.0,0.0,0.3,0.0,0.0,TE,16.8,177.9,1.9
Marquise Goodwin,CLE,0.0,0.0,0.0,0.0,0.0,1.5,7.9,0.0,0.0,WR,15.1,201.6,1.3
Marquez Callaway,DEN,0.0,0.0,0.0,0.0,0.0,0.0,0.2,0.0,0.0,WR,18.6,212.1,1.3
Demarcus Robinson,LAR,0.0,0.0,0.0,0.0,0.0,0.0,0.2,0.0,0.1,WR,21.6,228.1,1.0
Amari Rodgers,IND,0.0,0.0,0.0,0.0,0.0,0.2,7.9,0.0,0.1,WR,21.0,210.4,1.1
Olamide Zaccheaus,PHI,0.0,0.0,0.0,0.0,0.0,0.6,1.8,0.0,0.3,WR,17.7,225.9,1.1
Hassan Haskins,TEN,0.0,0.0,0.0,0.0,0.0,41.8,156.5,0.4,0.2,RB,12.7,85.1,0.3
Chris Rodriguez Jr.,WAS,0.0,0.0,0.0,0.0,0.0,39.1,164.0,0.8,0.2,RB,8.7,60.4,0.2
Trent Sherfield,BUF,0.0,0.0,0.0,0.0,0.0,0.0,0.6,0.0,0.1,WR,15.4,214.1,1.1
Raheem Blackshear,CAR,0.0,0.0,0.0,0.0,0.0,31.0,117.3,1.2,0.4,RB,10.9,81.8,0.3
Trayveon Williams,CIN,0.0,0.0,0.0,0.0,0.0,50.5,185.9,0.7,0.9,RB,6.9,54.6,0.2
Kyle Philips,TEN,0.0,0.0,0.0,0.0,0.0,0.7,3.8,0.0,0.2,WR,16.3,224.2,0.8
C.J. Uzomah,NYJ,0.0,0.0,0.0,0.0,0.0,0.0,0.6,0.0,0.0,TE,18.0,190.1,1.4
Evan Hull,IND,0.0,0.0,0.0,0.0,0.0,45.3,173.9,0.6,0.2,RB,5.2,60.7,0.1
Sean Tucker,TB,0.0,0.0,0.0,0.0,0.0,44.3,171.1,0.6,0.3,RB,6.3,61.0,0.2
DeWayne McBride,MIN,0.0,0.0,0.0,0.0,0.0,56.8,173.5,0.7,0.2,RB,3.6,53.4,0.1
Adam Trautman,DEN,0.0,0.0,0.0,0.0,0.0,0.0,0.3,0.0,0.2,TE,18.4,209.8,1.1
Rico Dowdle,DAL,0.0,0.0,0.0,0.0,0.0,45.4,158.5,0.8,0.1,RB,6.4,51.4,0.2
Kylen Granson,IND,0.0,0.0,0.0,0.0,0.0,0.0,3.5,0.0,0.0,TE,18.9,215.9,0.8
Malik Davis,DAL,0.0,0.0,0.0,0.0,0.0,49.8,168.7,0.9,0.2,RB,3.7,44.5,0.1
Durham Smythe,MIA,0.0,0.0,0.0,0.0,0.0,0.0,3.6,0.0,0.0,TE,20.3,197.7,1.1
Kene Nwangwu,MIN,0.0,0.0,0.0,0.0,0.0,44.7,153.1,0.9,0.2,RB,7.3,50.8,0.2
Jordan Akins,CLE,0.0,0.0,0.0,0.0,0.0,0.0,0.3,0.0,0.1,TE,16.3,199.3,1.1
Randall Cobb,NYJ,0.0,0.0,0.0,0.0,0.0,0.1,0.5,0.0,0.1,WR,17.4,198.7,1.1
Tommy Tremble,CAR,0.0,0.0,0.0,0.0,0.0,0.0,3.1,0.0,0.4,TE,17.2,165.1,1.7
Jamal Agnew,JAC,0.0,0.0,0.0,0.0,0.0,5.7,50.6,0.3,0.2,WR,15.9,147.5,0.8
Jimmy Graham,NO,0.0,0.0,0.0,0.0,0.0,0.0,0.8,0.0,0.1,TE,20.0,186.7,1.2
Brenton Strange,JAC,0.0,0.0,0.0,0.0,0.0,0.0,1.4,0.0,0.3,TE,20.4,186.0,1.3
Zonovan Knight,NYJ,0.0,0.0,0.0,0.0,0.0,36.8,162.3,0.5,0.2,RB,6.0,55.6,0.2
Craig Reynolds,DET,0.0,0.0,0.0,0.0,0.0,25.6,120.9,0.7,0.1,RB,8.9,74.1,0.3
DeeJay Dallas,SEA,0.0,0.0,0.0,0.0,0.0,20.3,123.7,0.6,0.1,RB,9.7,82.7,0.3
Josiah Deguara,GB,0.0,0.0,0.0,0.0,0.0,0.0,1.0,0.0,0.0,TE,20.4,188.2,1.1
Xavier Hutchinson,HOU,0.0,0.0,0.0,0.0,0.0,1.0,6.2,0.0,0.2,WR,0.0,250.4,0.0
Charlie Jones,CIN,0.0,0.0,0.0,0.0,0.0,0.7,5.5,0.0,0.5,WR,15.2,193.6,1.0
Deon Jackson,IND,0.0,0.0,0.0,0.0,0.0,39.5,106.3,0.4,0.8,RB,17.9,109.1,0.5
Chris Evans,CIN,0.0,0.0,0.0,0.0,0.0,36.4,128.1,0.5,0.2,RB,9.9,75.4,0.3
Boston Scott,PHI,0.0,0.0,0.0,0.0,0.0,31.2,143.8,1.1,0.2,RB,3.6,36.0,0.1
Cedrick Wilson Jr.,MIA,0.0,0.0,0.0,0.0,0.0,0.2,0.6,0.0,0.0,WR,16.5,186.6,0.9
Harrison Bryant,CLE,0.0,0.0,0.0,0.0,0.0,0.0,1.1,0.0,0.2,TE,17.5,181.2,1.1
Mo Alie-Cox,IND,0.0,0.0,0.0,0.0,0.0,0.0,0.3,0.0,0.4,TE,12.8,168.0,1.3
Noah Brown,HOU,0.0,0.0,0.0,0.0,0.0,0.1,0.4,0.0,0.1,WR,15.5,196.4,0.7
David Moore,TB,0.0,0.0,0.0,0.0,0.0,0.1,6.5,0.1,0.1,WR,16.7,171.8,0.9
Sincere McCormick,LV,0.0,0.0,0.0,0.0,0.0,30.0,136.0,1.0,0.0,RB,4.0,39.0,0.0
Cade Johnson,SEA,0.0,0.0,0.0,0.0,0.0,0.0,1.7,0.0,0.0,WR,14.6,168.0,1.1
Samori Toure,GB,0.0,0.0,0.0,0.0,0.0,0.3,2.5,0.0,0.1,WR,15.0,177.5,0.9
Anthony McFarland Jr.,PIT,0.0,0.0,0.0,0.0,0.0,22.2,131.3,0.6,0.1,RB,8.2,51.7,0.2
A.T. Perry,NO,0.0,0.0,0.0,0.0,0.0,0.9,5.6,0.0,0.2,WR,0.0,226.0,0.0
Tucker Kraft,GB,0.0,0.0,0.0,0.0,0.0,0.0,0.9,0.0,0.3,TE,14.3,171.0,1.0
Dontayvion Wicks,GB,0.0,0.0,0.0,0.0,0.0,0.2,3.9,0.0,0.1,WR,17.6,173.2,0.8
Josh Oliver,MIN,0.0,0.0,0.0,0.0,0.0,0.0,0.4,0.0,0.0,TE,15.6,156.1,1.2
Kenny McIntosh,SEA,0.0,0.0,0.0,0.0,0.0,49.0,164.8,0.0,0.3,RB,0.0,61.1,0.0
Travis Homer,CHI,0.0,0.0,0.0,0.0,0.0,19.9,100.9,0.3,0.1,RB,9.9,84.3,0.3
Demario Douglas,NE,0.0,0.0,0.0,0.0,0.0,0.2,1.4,0.0,0.1,WR,21.7,181.5,0.6
Tyler Scott,CHI,0.0,0.0,0.0,0.0,0.0,0.9,5.3,0.0,0.1,WR,0.0,213.7,0.0
Trenton Irwin,CIN,0.0,0.0,0.0,0.0,0.0,0.1,0.5,0.0,0.1,WR,15.9,159.7,0.9
Elijah Higgins,MIA,0.0,0.0,0.0,0.0,0.0,0.0,0.0,0.0,0.1,TE,11.0,173.4,0.7
Colby Parkinson,SEA,0.0,0.0,0.0,0.0,0.0,0.0,0.3,0.0,0.0,TE,14.0,163.5,0.8
Justin Watson,KC,0.0,0.0,0.0,0.0,0.0,0.0,0.2,0.0,0.0,WR,11.5,159.4,0.9
D'Ernest Johnson,JAC,0.0,0.0,0.0,0.0,0.0,33.6,139.2,0.4,0.0,RB,4.7,41.3,0.1
Devin Duvernay,BAL,0.0,0.0,0.0,0.0,0.0,4.6,39.3,0.2,0.1,WR,6.4,133.2,0.4
Darnell Washington,PIT,0.0,0.0,0.0,0.0,0.0,0.0,1.7,0.0,0.3,TE,13.3,169.4,0.7
Zach Pascal,ARI,0.0,0.0,0.0,0.0,0.0,0.1,1.1,0.0,0.1,WR,15.4,160.0,0.8
KhaDarel Hodge,ATL,0.0,0.0,0.0,0.0,0.0,0.0,3.0,0.0,0.1,WR,13.2,151.4,0.9
Ty Montgomery,NE,0.0,0.0,0.0,0.0,0.0,22.4,64.2,0.2,0.0,RB,14.5,101.8,0.5
Teagan Quitoriano,HOU,0.0,0.0,0.0,0.0,0.0,0.0,0.5,0.0,0.1,TE,12.4,148.0,1.0
Daniel Bellinger,NYG,0.0,0.0,0.0,0.0,0.0,0.0,1.0,0.0,0.3,TE,13.5,162.7,0.8
Brevin Jordan,HOU,0.0,0.0,0.0,0.0,0.0,0.0,0.0,0.0,0.0,TE,13.0,162.9,0.7
Ian Thomas,CAR,0.0,0.0,0.0,0.0,0.0,0.0,0.5,0.0,0.0,TE,16.7,160.3,0.7
Calvin Austin III,PIT,0.0,0.0,0.0,0.0,0.0,0.3,3.2,0.0,0.1,WR,12.0,162.6,0.6
Deneric Prince,KC,0.0,0.0,0.0,0.0,0.0,31.4,117.5,0.5,0.2,RB,5.4,46.9,0.2
Patrick Taylor Jr.,GB,0.0,0.0,0.0,0.0,0.0,23.3,109.2,0.7,0.1,RB,6.1,36.8,0.2
David Bell,CLE,0.0,0.0,0.0,0.0,0.0,0.0,0.2,0.0,0.0,WR,10.1,174.4,0.4
James Robinson,NYG,0.0,0.0,0.0,0.0,0.0,45.5,145.1,0.2,0.4,RB,4.0,46.0,0.1
Kyle Juszczyk,SF,0.0,0.0,0.0,0.0,0.0,8.9,30.4,0.4,0.0,RB,13.0,107.9,0.6
Dyami Brown,WAS,0.0,0.0,0.0,0.0,0.0,0.3,5.8,0.0,0.1,WR,11.1,158.5,0.6
Lawrence Cager,NYG,0.0,0.0,0.0,0.0,0.0,0.0,1.0,0.0,0.0,WR,11.5,134.0,1.0
Justyn Ross,KC,0.0,0.0,0.0,0.0,0.0,0.5,2.5,0.0,0.1,WR,7.2,158.1,0.6
Tony Jones Jr.,DEN,0.0,0.0,0.0,0.0,0.0,29.0,111.0,0.7,0.2,RB,6.1,38.1,0.2
Albert Okwuegbunam,DEN,0.0,0.0,0.0,0.0,0.0,0.0,0.0,0.0,0.3,TE,8.8,150.1,0.8
Tre Nixon,NE,0.0,0.0,0.0,0.0,0.0,0.0,6.6,0.0,0.0,WR,9.7,136.2,0.9
Kevin Harris,NE,0.0,0.0,0.0,0.0,0.0,32.8,128.9,0.5,0.1,RB,3.1,32.7,0.1
Bryan Edwards,NO,0.0,0.0,0.0,0.0,0.0,0.0,2.3,0.0,0.0,WR,9.3,141.0,0.8
Charlie Kolar,BAL,0.0,0.0,0.0,0.0,0.0,0.0,1.6,0.0,0.0,TE,11.8,138.3,0.8
Deonte Harty,BUF,0.0,0.0,0.0,0.0,0.0,2.5,13.4,0.0,0.3,WR,9.7,149.5,0.5
Britain Covey,PHI,0.0,0.0,0.0,0.0,0.0,0.0,6.7,0.1,0.0,WR,8.4,130.4,0.8
Jalen Guyton,LAC,0.0,0.0,0.0,0.0,0.0,0.9,3.0,0.0,0.0,WR,10.3,147.0,0.6
Darrel Williams,NO,0.0,0.0,0.0,0.0,0.0,36.7,117.1,0.0,0.2,RB,0.0,72.6,0.0
Tyler Badie,DEN,0.0,0.0,0.0,0.0,0.0,18.6,92.2,0.4,0.2,RB,9.5,58.0,0.2
Peyton Hendershot,DAL,0.0,0.0,0.0,0.0,0.0,0.0,4.3,0.0,0.1,TE,9.2,121.0,1.0
Eric Saubert,MIA,0.0,0.0,0.0,0.0,0.0,0.0,0.5,0.0,0.0,TE,13.7,130.3,0.9
Brycen Hopkins,LAR,0.0,0.0,0.0,0.0,0.0,0.0,0.3,0.0,0.0,TE,11.8,135.2,0.8
Gary Brightwell,NYG,0.0,0.0,0.0,0.0,0.0,18.8,98.0,0.7,0.1,RB,6.0,33.9,0.2
Dare Ogunbowale,HOU,0.0,0.0,0.0,0.0,0.0,18.6,78.2,0.5,0.1,RB,9.4,61.8,0.2
Blake Bell,KC,0.0,0.0,0.0,0.0,0.0,4.2,14.1,0.1,0.0,TE,9.7,91.6,1.1
Parker Washington,JAC,0.0,0.0,0.0,0.0,0.0,0.3,1.5,0.0,0.1,WR,14.0,138.0,0.6
Dan Arnold,PHI,0.0,0.0,0.0,0.0,0.0,0.0,0.0,0.0,0.1,TE,8.3,127.3,0.7
John Kelly Jr.,CLE,0.0,0.0,0.0,0.0,0.0,19.0,81.5,0.5,0.2,RB,5.8,43.2,0.3
Cameron Latu,SF,0.0,0.0,0.0,0.0,0.0,0.0,1.6,0.0,0.0,TE,11.5,120.4,0.8
Geoff Swaim,ARI,0.0,0.0,0.0,0.0,0.0,0.0,0.0,0.0,0.0,TE,20.9,124.8,0.7
Hunter Long,LAR,0.0,0.0,0.0,0.0,0.0,0.0,0.6,0.0,0.1,TE,10.3,125.6,0.7
Tyrion Davis-Price,SF,0.0,0.0,0.0,0.0,0.0,35.4,107.5,0.4,0.2,RB,2.5,33.6,0.1
Miller Forristall,CLE,0.0,0.0,0.0,0.0,0.0,0.0,0.0,0.0,0.0,TE,10.0,105.0,1.0
Payne Durham,TB,0.0,0.0,0.0,0.0,0.0,0.0,2.8,0.0,0.4,TE,13.9,125.5,0.7
Damien Williams,LV,0.0,0.0,0.0,0.0,0.0,22.9,70.7,0.5,0.1,RB,7.0,34.1,0.5
Steven Sims Jr.,HOU,0.0,0.0,0.0,0.0,0.0,0.0,24.7,0.2,0.1,WR,7.7,96.6,0.5
John Bates,WAS,0.0,0.0,0.0,0.0,0.0,0.0,0.4,0.0,0.0,TE,12.5,125.1,0.6
Ko Kieft,TB,0.0,0.0,0.0,0.0,0.0,0.0,0.7,0.0,0.1,TE,10.6,114.3,0.8
Jody Fortson,KC,0.0,0.0,0.0,0.0,0.0,0.0,0.6,0.0,0.4,TE,9.5,118.5,0.8
Connor Heyward,PIT,0.0,0.0,0.0,0.0,0.0,0.0,11.4,0.0,0.1,TE,9.0,104.3,0.7
Salvon Ahmed,MIA,0.0,0.0,0.0,0.0,0.0,31.7,97.1,0.1,0.0,RB,4.3,52.1,0.1
Brandon Powell,MIN,0.0,0.0,0.0,0.0,0.0,1.7,25.0,0.0,0.1,WR,12.0,102.7,0.5
Lew Nichols III,GB,0.0,0.0,0.0,0.0,0.0,25.5,101.8,0.5,0.1,RB,4.0,27.1,0.0
Myles Gaskin,MIA,0.0,0.0,0.0,0.0,0.0,32.4,98.1,0.1,0.4,RB,4.4,56.2,0.1
Equanimeous St. Brown,CHI,0.0,0.0,0.0,0.0,0.0,1.1,11.2,0.0,0.1,WR,8.2,110.8,0.5
Cole Beasley,NYG,0.0,0.0,0.0,0.0,0.0,0.0,0.3,0.0,0.0,WR,10.1,113.1,0.7
Jalen Tolbert,DAL,0.0,0.0,0.0,0.0,0.0,0.4,2.6,0.0,0.1,WR,7.2,120.5,0.5
Demetric Felton Jr.,CLE,0.0,0.0,0.0,0.0,0.0,13.6,60.1,0.2,0.1,RB,10.1,73.0,0.2
Brittain Brown,LV,0.0,0.0,0.0,0.0,0.0,17.3,77.7,0.6,0.0,RB,4.1,33.6,0.1
Mohamed Ibrahim,DET,0.0,0.0,0.0,0.0,0.0,23.3,82.8,0.4,0.1,RB,6.0,40.2,0.1
James Mitchell,DET,0.0,0.0,0.0,0.0,0.0,0.0,0.3,0.0,0.0,TE,8.7,111.7,0.7
Nelson Agholor,BAL,0.0,0.0,0.0,0.0,0.0,0.2,0.9,0.0,0.2,WR,4.9,132.4,0.3
Brandon Bolden,LV,0.0,0.0,0.0,0.0,0.0,19.8,66.6,0.5,0.1,RB,5.1,45.0,0.2
Andrew Ogletree,IND,0.0,0.0,0.0,0.0,0.0,0.0,0.0,0.0,0.0,TE,10.0,88.0,1.0
Jalen Nailor,MIN,0.0,0.0,0.0,0.0,0.0,0.3,1.7,0.0,0.1,WR,10.0,105.8,0.7
Deven Thompkins,TB,0.0,0.0,0.0,0.0,0.0,0.1,10.1,0.1,0.0,WR,9.8,102.4,0.5
Josh Whyle,TEN,0.0,0.0,0.0,0.0,0.0,0.0,1.8,0.0,0.0,TE,9.2,104.3,0.7
Jamison Crowder,NYG,0.0,0.0,0.0,0.0,0.0,0.1,1.0,0.0,0.1,WR,3.4,141.0,0.1
Hunter Luepke,DAL,0.0,0.0,0.0,0.0,0.0,18.0,51.1,0.6,0.0,RB,6.9,47.5,0.1
Tre' McKitty,LAC,0.0,0.0,0.0,0.0,0.0,0.0,0.9,0.0,0.0,TE,8.9,110.2,0.5
J.J. Taylor,NE,0.0,0.0,0.0,0.0,0.0,4.4,71.6,0.5,0.1,RB,4.4,29.8,0.2
Justice Hill,BAL,0.0,0.0,0.0,0.0,0.0,18.5,79.0,0.3,0.2,RB,6.4,39.7,0.2
Davis Allen,LAR,0.0,0.0,0.0,0.0,0.0,0.0,0.5,0.0,0.3,TE,16.2,94.3,0.8
Tre'Quan Smith,NO,0.0,0.0,0.0,0.0,0.0,0.0,0.3,0.0,0.0,WR,8.3,102.5,0.6
Velus Jones Jr.,CHI,0.0,0.0,0.0,0.0,0.0,1.8,33.8,0.2,0.1,WR,4.6,77.2,0.3
Zack Kuntz,NYJ,0.0,0.0,0.0,0.0,0.0,0.0,0.3,0.0,0.0,TE,7.1,104.4,0.5
Kendall Hinton,DEN,0.0,0.0,0.0,0.0,0.0,0.8,7.3,0.0,0.0,WR,8.5,97.2,0.5
DeAndre Carter,LV,0.0,0.0,0.0,0.0,0.0,0.5,7.2,0.0,0.2,WR,9.0,105.2,0.4
Snoop Conner,JAC,0.0,0.0,0.0,0.0,0.0,22.7,73.0,0.6,0.0,RB,2.7,21.1,0.1
Jeremy Ruckert,NYJ,0.0,0.0,0.0,0.0,0.0,0.0,0.3,0.0,0.0,TE,6.2,100.2,0.5
Jack Stoll,PHI,0.0,0.0,0.0,0.0,0.0,0.0,0.3,0.0,0.0,TE,10.0,105.8,0.4
Penny Hart,ATL,0.0,0.0,0.0,0.0,0.0,0.0,0.0,0.0,0.1,WR,8.9,103.0,0.5
Dee Eskridge,SEA,0.0,0.0,0.0,0.0,0.0,2.8,17.6,0.1,0.0,WR,8.7,82.0,0.4
Zach Gentry,PIT,0.0,0.0,0.0,0.0,0.0,0.0,0.3,0.0,0.0,TE,10.6,94.2,0.5
Stone Smartt,LAC,0.0,0.0,0.0,0.0,0.0,0.0,0.7,0.0,0.0,TE,9.0,80.9,0.7
Derius Davis,LAC,0.0,0.0,0.0,0.0,0.0,0.2,5.2,0.0,0.0,WR,11.4,92.3,0.4
Jonathan Williams,WAS,0.0,0.0,0.0,0.0,0.0,27.7,77.3,0.4,0.1,RB,3.4,21.5,0.1
Keaton Mitchell,BAL,0.0,0.0,0.0,0.0,0.0,29.5,93.5,0.0,0.2,RB,0.0,34.7,0.0
Marcedes Lewis,CHI,0.0,0.0,0.0,0.0,0.0,0.0,0.0,0.0,0.1,TE,8.0,58.8,1.1
Phillip Dorsett II,LV,0.0,0.0,0.0,0.0,0.0,0.1,1.0,0.0,0.0,WR,8.9,89.7,0.5
Andrew Beck,HOU,0.0,0.0,0.0,0.0,0.0,0.0,12.9,0.1,0.0,TE,8.6,76.2,0.5
Tyler Kroft,MIA,0.0,0.0,0.0,0.0,0.0,0.0,0.6,0.0,0.0,TE,7.2,83.4,0.6
Scott Miller,ATL,0.0,0.0,0.0,0.0,0.0,0.4,5.0,0.1,0.0,WR,6.8,94.2,0.3
Cole Turner,WAS,0.0,0.0,0.0,0.0,0.0,0.0,0.3,0.0,0.1,TE,3.8,98.6,0.3
Stephen Sullivan,CAR,0.0,0.0,0.0,0.0,0.0,0.0,0.0,0.0,0.0,TE,8.8,87.3,0.5
Tanner Hudson,CIN,0.0,0.0,0.0,0.0,0.0,0.0,0.4,0.0,0.0,TE,8.0,90.7,0.4
Reggie Gilliam,BUF,0.0,0.0,0.0,0.0,0.0,4.4,10.9,0.1,0.0,RB,8.5,65.2,0.6
Denzel Mims,DET,0.0,0.0,0.0,0.0,0.0,0.0,0.1,0.0,0.0,WR,5.3,98.1,0.3
Mike Boone,HOU,0.0,0.0,0.0,0.0,0.0,21.0,70.2,0.2,0.0,RB,2.8,26.5,0.1
Royce Freeman,LAR,0.0,0.0,0.0,0.0,0.0,12.8,67.8,0.3,0.1,RB,4.2,26.6,0.1
Ty'Son Williams,ARI,0.0,0.0,0.0,0.0,0.0,17.2,64.0,0.4,0.0,RB,3.7,22.8,0.1
Will Mallory,IND,0.0,0.0,0.0,0.0,0.0,0.0,0.1,0.0,0.0,TE,6.5,79.6,0.5
Ross Dwelley,SF,0.0,0.0,0.0,0.0,0.0,0.0,0.0,0.0,0.0,TE,3.6,76.2,0.6
Alec Ingold,MIA,0.0,0.0,0.0,0.0,0.0,5.0,13.2,0.1,0.0,RB,10.3,70.3,0.4
Shi Smith,CAR,0.0,0.0,0.0,0.0,0.0,0.1,0.1,0.0,0.1,WR,7.1,89.3,0.4
Drew Sample,CIN,0.0,0.0,0.0,0.0,0.0,0.0,0.4,0.0,0.1,TE,8.6,78.9,0.5
Darrynton Evans,BUF,0.0,0.0,0.0,0.0,0.0,13.5,46.0,0.1,0.1,RB,9.0,43.3,0.3
Zander Horvath,LAC,0.0,0.0,0.0,0.0,0.0,6.1,14.3,0.0,0.0,RB,5.5,25.1,1.1
Trevon Wesco,TEN,0.0,0.0,0.0,0.0,0.0,0.0,0.5,0.0,0.0,TE,7.9,71.6,0.6
Andrei Iosivas,CIN,0.0,0.0,0.0,0.0,0.0,0.4,2.7,0.0,0.1,WR,0.0,105.5,0.0
Gunner Olszewski,PIT,0.0,0.0,0.0,0.0,0.0,4.5,33.9,0.1,0.1,WR,3.7,51.2,0.2
Quintin Morris,BUF,0.0,0.0,0.0,0.0,0.0,0.0,0.4,0.0,0.1,TE,5.7,78.4,0.4
Justin Shorter,BUF,0.0,0.0,0.0,0.0,0.0,0.2,1.1,0.0,0.1,WR,7.3,83.0,0.3
Trey Sermon,PHI,0.0,0.0,0.0,0.0,0.0,18.9,64.1,0.1,0.2,RB,3.8,31.5,0.1
Kaylon Geiger Sr.,TB,0.0,0.0,0.0,0.0,0.0,0.0,5.7,0.1,0.0,WR,5.2,66.5,0.4
Jesper Horsted,LV,0.0,0.0,0.0,0.0,0.0,0.0,0.4,0.0,0.0,TE,5.8,71.1,0.5
Luke Farrell,JAC,0.0,0.0,0.0,0.0,0.0,0.0,0.4,0.0,0.0,TE,6.5,73.1,0.4
Johnny Mundt,MIN,0.0,0.0,0.0,0.0,0.0,0.0,0.4,0.0,0.0,TE,6.9,74.5,0.4
Julius Chestnut,TEN,0.0,0.0,0.0,0.0,0.0,12.7,44.9,0.1,0.1,RB,5.7,37.3,0.2
Joseph Ngata,PHI,0.0,0.0,0.0,0.0,0.0,0.0,0.0,0.0,0.0,WR,5.9,68.3,0.5
Armani Rogers,WAS,0.0,0.0,0.0,0.0,0.0,0.0,0.0,0.0,0.1,TE,7.3,74.2,0.4
Tyree Jackson,PHI,0.0,0.0,0.0,0.0,0.0,0.0,0.0,0.0,0.1,TE,0.0,79.8,0.3
Chris Manhertz,DEN,0.0,0.0,0.0,0.0,0.0,0.0,0.3,0.0,0.0,TE,5.6,69.0,0.4
Jakeem Grant Sr.,CLE,0.0,0.0,0.0,0.0,0.0,0.0,22.7,0.1,0.0,WR,4.8,51.5,0.2
Ray-Ray McCloud III,SF,0.0,0.0,0.0,0.0,0.0,3.2,26.0,0.2,0.1,WR,3.8,46.3,0.2
Trestan Ebner,CHI,0.0,0.0,0.0,0.0,0.0,17.6,59.6,0.1,0.1,RB,3.0,26.7,0.1
Tre Tucker,LV,0.0,0.0,0.0,0.0,0.0,0.2,2.2,0.0,0.0,WR,5.7,73.4,0.3
Ashton Dulin,IND,0.0,0.0,0.0,0.0,0.0,0.4,5.5,0.0,0.1,WR,4.5,72.9,0.3
Jalen Reagor,MIN,0.0,0.0,0.0,0.0,0.0,2.4,13.4,0.1,0.1,WR,5.4,56.8,0.3
KaVontae Turpin,DAL,0.0,0.0,0.0,0.0,0.0,1.7,10.2,0.1,0.0,WR,5.5,56.4,0.3
C.J. Ham,MIN,0.0,0.0,0.0,0.0,0.0,6.4,18.0,0.1,0.0,RB,8.0,46.8,0.3
Devin Asiasi,CIN,0.0,0.0,0.0,0.0,0.0,0.0,0.1,0.0,0.0,TE,5.6,64.4,0.4
Mitchell Wilcox,CIN,0.0,0.0,0.0,0.0,0.0,0.0,0.0,0.0,0.0,TE,6.3,74.7,0.2
Spencer Brown,CAR,0.0,0.0,0.0,0.0,0.0,8.3,36.1,0.3,0.1,RB,4.0,28.7,0.1
Giovanni Ricci,CAR,0.0,0.0,0.0,0.0,0.0,4.7,10.2,0.1,0.1,TE,3.3,52.5,0.3
Shane Zylstra,DET,0.0,0.0,0.0,0.0,0.0,0.0,0.0,0.0,0.1,TE,3.9,66.1,0.3
La'Mical Perine,KC,0.0,0.0,0.0,0.0,0.0,4.2,17.6,0.2,0.0,RB,5.0,35.6,0.3
Dante Pettis,CHI,0.0,0.0,0.0,0.0,0.0,0.1,4.5,0.0,0.0,WR,6.4,65.8,0.2
Ronnie Bell,SF,0.0,0.0,0.0,0.0,0.0,0.0,4.7,0.0,0.0,WR,4.4,57.1,0.3
Grant Calcaterra,PHI,0.0,0.0,0.0,0.0,0.0,0.0,0.3,0.0,0.1,TE,3.4,65.9,0.3
Lance McCutcheon,LAR,0.0,0.0,0.0,0.0,0.0,0.0,0.7,0.0,0.0,WR,3.9,64.0,0.3
Kevin Rader,TEN,0.0,0.0,0.0,0.0,0.0,0.0,0.6,0.0,0.0,TE,5.5,54.8,0.4
Jermar Jefferson,DET,0.0,0.0,0.0,0.0,0.0,4.6,19.4,0.2,0.0,RB,4.4,34.4,0.3
Darrius Shepherd,LAC,0.0,0.0,0.0,0.0,0.0,0.0,5.0,0.0,0.0,WR,4.2,57.2,0.3
Jake Funk,IND,0.0,0.0,0.0,0.0,0.0,8.4,35.3,0.2,0.0,RB,3.5,24.8,0.2
Jaleel McLaughlin,DEN,0.0,0.0,0.0,0.0,0.0,12.1,43.2,0.2,0.1,RB,3.8,20.6,0.1
Byron Pringle,WAS,0.0,0.0,0.0,0.0,0.0,0.0,0.0,0.0,0.0,WR,7.0,65.6,0.2
Cody Thompson,SEA,0.0,0.0,0.0,0.0,0.0,0.0,1.9,0.0,0.0,WR,3.9,60.5,0.3
Dareke Young,SEA,0.0,0.0,0.0,0.0,0.0,0.1,0.5,0.0,0.0,WR,8.1,57.5,0.3
Kevin Austin Jr.,JAC,0.0,0.0,0.0,0.0,0.0,0.0,1.9,0.0,0.0,WR,4.3,53.9,0.3
Anthony Firkser,NE,0.0,0.0,0.0,0.0,0.0,0.0,0.0,0.0,0.0,TE,5.8,54.3,0.4
Godwin Igwebuike,ATL,0.0,0.0,0.0,0.0,0.0,0.0,7.8,0.1,0.0,RB,6.6,47.3,0.2
Ronnie Rivers,LAR,0.0,0.0,0.0,0.0,0.0,12.8,41.9,0.0,0.1,RB,4.1,26.7,0.1
Patrick Ricard,BAL,0.0,0.0,0.0,0.0,0.0,5.8,16.6,0.1,0.4,RB,7.1,43.0,0.3
Jonathan Ward,TEN,0.0,0.0,0.0,0.0,0.0,10.1,42.8,0.2,0.0,RB,1.9,14.0,0.1
Eric Tomlinson,HOU,0.0,0.0,0.0,0.0,0.0,0.0,0.3,0.0,0.0,TE,5.5,49.9,0.4
Qadree Ollison,JAC,0.0,0.0,0.0,0.0,0.0,4.5,18.8,0.2,0.0,RB,4.5,32.1,0.2
Erik Ezukanma,MIA,0.0,0.0,0.0,0.0,0.0,0.1,0.7,0.0,0.0,WR,5.3,55.5,0.3
Kirk Merritt,NO,0.0,0.0,0.0,0.0,0.0,9.1,19.5,0.1,0.0,WR,3.8,32.0,0.2
Patrick Laird,TB,0.0,0.0,0.0,0.0,0.0,4.3,18.0,0.2,0.0,RB,4.4,31.7,0.2
Danny Gray,SF,0.0,0.0,0.0,0.0,0.0,0.2,1.6,0.0,0.1,WR,3.1,57.5,0.2
Nick Vannett,HOU,0.0,0.0,0.0,0.0,0.0,0.0,0.0,0.0,0.0,TE,4.7,44.3,0.4
Jaret Patterson,WAS,0.0,0.0,0.0,0.0,0.0,10.1,33.6,0.2,0.0,RB,2.4,16.2,0.1
Maurice Alexander,DET,0.0,0.0,0.0,0.0,0.0,0.0,0.0,0.0,0.0,WR,3.6,48.2,0.3
Nate McCrary,GB,0.0,0.0,0.0,0.0,0.0,5.4,22.6,0.1,0.0,RB,3.8,28.5,0.2
Montrell Washington,DEN,0.0,0.0,0.0,0.0,0.0,0.0,8.8,0.0,0.0,WR,2.7,45.7,0.2
Matthew Slater,NE,0.0,0.0,0.0,0.0,0.0,0.0,1.2,0.0,0.0,WR,2.1,53.8,0.2
Joe Reed,CHI,0.0,0.0,0.0,0.0,0.0,0.0,7.7,0.0,0.0,WR,2.1,45.7,0.2
Andy Isabella,BUF,0.0,0.0,0.0,0.0,0.0,0.0,6.8,0.1,0.0,WR,2.5,42.3,0.2
Trinity Benson,DET,0.0,0.0,0.0,0.0,0.0,0.0,0.0,0.0,0.0,WR,3.5,46.8,0.3
Tim Jones,JAC,0.0,0.0,0.0,0.0,0.0,0.0,0.5,0.0,0.0,WR,3.8,49.9,0.3
Avery Williams,ATL,0.0,0.0,0.0,0.0,0.0,5.4,23.1,0.2,0.0,RB,3.4,22.1,0.2
Isaiah Coulter,BUF,0.0,0.0,0.0,0.0,0.0,0.0,0.0,0.0,0.0,WR,3.7,44.7,0.3
Charlie Woerner,SF,0.0,0.0,0.0,0.0,0.0,0.0,0.7,0.0,0.1,TE,3.4,46.9,0.3
Dezmon Patmon,BUF,0.0,0.0,0.0,0.0,0.0,0.0,0.0,0.0,0.0,WR,3.7,44.2,0.3
Bo Melton,GB,0.0,0.0,0.0,0.0,0.0,0.0,2.6,0.0,0.0,WR,3.7,44.5,0.3
Simi Fehoko,DAL,0.0,0.0,0.0,0.0,0.0,0.0,0.0,0.0,0.0,WR,3.6,43.1,0.3
Dennis Houston,DAL,0.0,0.0,0.0,0.0,0.0,0.0,0.0,0.0,0.0,WR,3.5,42.8,0.3
Gerrid Doaks,HOU,0.0,0.0,0.0,0.0,0.0,4.7,19.7,0.1,0.0,RB,4.0,27.8,0.2
Cody Chrest,GB,0.0,0.0,0.0,0.0,0.0,0.0,3.2,0.0,0.0,WR,3.4,43.1,0.3
Stanley Morgan Jr.,CIN,0.0,0.0,0.0,0.0,0.0,0.0,0.0,0.0,0.0,WR,3.8,42.9,0.3
Seth Williams,JAC,0.0,0.0,0.0,0.0,0.0,0.0,0.0,0.0,0.0,WR,3.7,47.4,0.2
River Cracraft,MIA,0.0,0.0,0.0,0.0,0.0,0.1,0.5,0.0,0.0,WR,4.6,47.2,0.2
Jacob Harris,JAC,0.0,0.0,0.0,0.0,0.0,0.0,0.0,0.0,0.0,TE,3.7,46.5,0.2
Easop Winston Jr.,SEA,0.0,0.0,0.0,0.0,0.0,0.0,1.9,0.0,0.0,WR,3.5,46.2,0.2
KeeSean Johnson,BUF,0.0,0.0,0.0,0.0,0.0,0.0,0.0,0.0,0.0,WR,3.6,41.2,0.3
David Wells,TB,0.0,0.0,0.0,0.0,0.0,0.0,2.0,0.0,0.0,TE,3.2,31.7,0.4
Jalen Virgil,DEN,0.0,0.0,0.0,0.0,0.0,0.0,0.0,0.0,0.0,WR,3.4,43.3,0.3
Dominique Dafney,TB,0.0,0.0,0.0,0.0,0.0,0.0,0.0,0.0,0.0,TE,3.9,39.8,0.3
Keelan Doss,LAC,0.0,0.0,0.0,0.0,0.0,0.0,3.4,0.0,0.0,WR,2.4,40.2,0.2
Brandon Johnson,DEN,0.0,0.0,0.0,0.0,0.0,0.0,0.7,0.0,0.0,WR,3.5,42.9,0.2
Jaelon Darden,CLE,0.0,0.0,0.0,0.0,0.0,0.0,2.8,0.0,0.0,WR,2.3,44.1,0.2
Andre Baccellia,ARI,0.0,0.0,0.0,0.0,0.0,0.0,0.0,0.0,0.0,WR,3.7,46.2,0.2
Rakim Jarrett,TB,0.0,0.0,0.0,0.0,0.0,0.0,2.1,0.0,0.0,WR,3.1,35.3,0.3
Tanner Conner,MIA,0.0,0.0,0.0,0.0,0.0,0.0,0.0,0.0,0.0,WR,3.9,37.7,0.3
MyCole Pruitt,ATL,0.0,0.0,0.0,0.0,0.0,0.0,0.0,0.0,0.0,TE,0.0,30.6,0.4
Kendall Blanton,KC,0.0,0.0,0.0,0.0,0.0,0.0,0.0,0.0,0.0,TE,0.0,35.0,0.3
Austin Trammell,LAR,0.0,0.0,0.0,0.0,0.0,0.0,0.0,0.0,0.0,WR,3.3,42.7,0.2
Parker Hesse,ATL,0.0,0.0,0.0,0.0,0.0,0.0,0.1,0.0,0.0,TE,2.1,45.4,0.1
C.J. Saunders,CAR,0.0,0.0,0.0,0.0,0.0,0.0,0.0,0.0,0.0,WR,3.4,40.2,0.2
Trent Taylor,CIN,0.0,0.0,0.0,0.0,0.0,0.0,5.8,0.0,0.0,WR,2.3,32.2,0.2
Kawaan Baker,NO,0.0,0.0,0.0,0.0,0.0,0.0,0.0,0.0,0.0,WR,3.3,40.0,0.2
Cam Sims,LV,0.0,0.0,0.0,0.0,0.0,0.1,0.3,0.0,0.0,WR,3.4,44.8,0.1
Tyler Davis,GB,0.0,0.0,0.0,0.0,0.0,0.0,0.3,0.0,0.0,TE,2.5,31.9,0.3
Mason Schreck,HOU,0.0,0.0,0.0,0.0,0.0,0.0,0.0,0.0,0.0,TE,3.6,35.2,0.2
Michael Burton,DEN,0.0,0.0,0.0,0.0,0.0,4.7,12.1,0.1,0.0,RB,3.3,19.2,0.2
Dalton Keene,HOU,0.0,0.0,0.0,0.0,0.0,0.0,0.0,0.0,0.0,TE,3.6,35.1,0.2
Keke Coutee,MIA,0.0,0.0,0.0,0.0,0.0,0.0,0.0,0.0,0.0,WR,3.4,39.0,0.2
Dez Fitzpatrick,PIT,0.0,0.0,0.0,0.0,0.0,0.0,0.0,0.0,0.0,WR,3.2,39.0,0.2
Adam Prentice,NO,0.0,0.0,0.0,0.0,0.0,0.0,12.1,0.1,0.0,RB,4.0,19.1,0.2
Tommy Sweeney,NYG,0.0,0.0,0.0,0.0,0.0,0.0,0.0,0.0,0.0,TE,3.7,34.0,0.3
Keelan Cole Sr.,LV,0.0,0.0,0.0,0.0,0.0,0.0,0.0,0.0,0.0,WR,3.3,38.8,0.2
Noah Togiai,ARI,0.0,0.0,0.0,0.0,0.0,0.0,0.5,0.0,0.0,TE,3.0,32.8,0.3
Michael Woods II,CLE,0.0,0.0,0.0,0.0,0.0,0.0,0.0,0.0,0.0,WR,3.1,38.7,0.2
Henry Pearson,GB,0.0,0.0,0.0,0.0,0.0,0.0,13.1,0.1,0.0,RB,3.7,16.4,0.2
Cody White,PIT,0.0,0.0,0.0,0.0,0.0,0.0,0.0,0.0,0.0,WR,3.3,38.6,0.2
Mason Kinsey,TEN,0.0,0.0,0.0,0.0,0.0,0.0,0.0,0.0,0.0,WR,3.1,38.5,0.2
Anthony Schwartz,CLE,0.0,0.0,0.0,0.0,0.0,0.0,0.0,0.0,0.0,WR,3.0,38.5,0.2
Dax Milne,WAS,0.0,0.0,0.0,0.0,0.0,0.1,1.7,0.0,0.2,WR,4.0,40.5,0.2
Bryce Ford-Wheaton,NYG,0.0,0.0,0.0,0.0,0.0,0.2,1.2,0.0,0.0,WR,0.0,46.6,0.0
Racey McMath,TEN,0.0,0.0,0.0,0.0,0.0,0.2,1.0,0.0,0.0,WR,3.0,41.5,0.1
Malik Turner,IND,0.0,0.0,0.0,0.0,0.0,0.0,0.0,0.0,0.0,WR,2.9,36.5,0.2
Tylan Wallace,BAL,0.0,0.0,0.0,0.0,0.0,0.2,1.0,0.0,0.0,WR,3.0,40.1,0.1
Chris Conley,SF,0.0,0.0,0.0,0.0,0.0,0.0,0.0,0.0,0.0,WR,3.0,34.8,0.2
Jalen Camp,HOU,0.0,0.0,0.0,0.0,0.0,0.0,3.4,0.0,0.0,WR,2.1,32.4,0.1
Vyncint Smith,IND,0.0,0.0,0.0,0.0,0.0,0.0,0.0,0.0,0.0,WR,2.8,35.0,0.2
Mike Strachan,IND,0.0,0.0,0.0,0.0,0.0,0.0,0.0,0.0,0.0,WR,2.8,35.0,0.2
Jason Huntley,IND,0.0,0.0,0.0,0.0,0.0,5.0,14.6,0.1,0.0,RB,2.2,17.5,0.1
Chris Myarick,NYG,0.0,0.0,0.0,0.0,0.0,0.0,0.0,0.0,0.0,TE,3.7,28.6,0.3
Tyler Mabry,SEA,0.0,0.0,0.0,0.0,0.0,0.0,0.2,0.0,0.0,TE,2.8,29.7,0.2
Josh Ali,ATL,0.0,0.0,0.0,0.0,0.0,0.0,0.0,0.0,0.0,WR,2.8,32.3,0.2
Feleipe Franks,ATL,0.0,0.0,0.0,0.0,0.0,0.0,0.0,0.0,0.0,QB,3.1,29.0,0.2
James Proche II,BAL,0.0,0.0,0.0,0.0,0.0,0.0,0.8,0.0,0.0,WR,1.8,35.3,0.1
Pharaoh Brown,IND,0.0,0.0,0.0,0.0,0.0,0.0,0.1,0.0,0.1,TE,1.9,37.7,0.1
Khari Blasingame,CHI,0.0,0.0,0.0,0.0,0.0,5.7,13.5,0.1,0.0,RB,2.7,12.3,0.1
Daurice Fountain,CHI,0.0,0.0,0.0,0.0,0.0,0.0,0.0,0.0,0.0,WR,2.5,29.3,0.2
Kaden Smith,WAS,0.0,0.0,0.0,0.0,0.0,0.0,0.0,0.0,0.0,TE,3.2,29.2,0.2
Greg Ward,PHI,0.0,0.0,0.0,0.0,0.0,0.0,0.2,0.0,0.0,WR,2.5,30.2,0.2
Nsimba Webster,CHI,0.0,0.0,0.0,0.0,0.0,0.0,0.0,0.0,0.0,WR,2.5,29.1,0.2
Jack Colletto,SF,0.0,0.0,0.0,0.0,0.0,0.0,7.3,0.1,0.0,RB,3.6,16.3,0.2
Keith Kirkwood,NO,0.0,0.0,0.0,0.0,0.0,0.0,0.1,0.0,0.0,WR,2.4,30.2,0.1
Keith Smith,ATL,0.0,0.0,0.0,0.0,0.0,5.4,12.4,0.1,0.0,RB,2.8,11.4,0.1
Matt Sokol,NE,0.0,0.0,0.0,0.0,0.0,0.0,0.9,0.0,0.0,TE,1.7,17.2,0.3
Curtis Hodges,WAS,0.0,0.0,0.0,0.0,0.0,0.0,0.6,0.0,0.0,TE,2.5,23.3,0.2
Miles Boykin,PIT,0.0,0.0,0.0,0.0,0.0,0.0,0.3,0.0,0.0,WR,1.6,28.4,0.1
Jacob Hollister,LV,0.0,0.0,0.0,0.0,0.0,0.0,0.0,0.0,0.0,TE,0.0,7.7,0.4
Alex Erickson,NYJ,0.0,0.0,0.0,0.0,0.0,0.0,0.2,0.0,0.0,WR,1.9,23.7,0.1
Jakob Johnson,LV,0.0,0.0,0.0,0.0,0.0,0.0,2.0,0.0,0.0,RB,4.5,16.0,0.2
Sean McKeon,DAL,0.0,0.0,0.0,0.0,0.0,0.0,0.7,0.0,0.0,TE,1.0,12.7,0.2
Brayden Willis,SF,0.0,0.0,0.0,0.0,0.0,0.0,0.0,0.0,0.0,TE,0.0,14.0,0.2
Breshad Perriman,IND,0.0,0.0,0.0,0.0,0.0,0.0,0.7,0.0,0.0,WR,1.1,16.3,0.1
Ellis Merriweather,NO,0.0,0.0,0.0,0.0,0.0,0.0,10.2,0.1,0.0,RB,0.5,3.7,0.0
Tyler Goodson,GB,0.0,0.0,0.0,0.0,0.0,0.0,10.2,0.1,0.0,RB,0.5,2.6,0.0
Jason Brownlee,NYJ,0.0,0.0,0.0,0.0,0.0,0.0,0.4,0.0,0.0,WR,0.8,9.7,0.1
Dwayne Washington,DEN,0.0,0.0,0.0,0.0,0.0,0.0,3.6,0.0,0.0,RB,0.5,4.4,0.0
Hunter Kampmoyer,LAC,0.0,0.0,0.0,0.0,0.0,0.0,0.2,0.0,0.0,TE,0.5,3.9,0.1
Ben Mason,BAL,0.0,0.0,0.0,0.0,0.0,0.0,0.0,0.0,0.0,RB,0.3,2.0,0.0
Clint Ratkovich,ATL,0.0,0.0,0.0,0.0,0.0,0.0,0.0,0.0,0.0,RB,0.2,1.4,0.0
