Player,Pos,Team,Current ADP,Old ADP,ADP Change,Ovr Rank,Pos Rank
Justin Jefferson,WR,MIN,1.1,1.2,-0.1,1,1
Ja'Marr Chase,WR,CIN,2.3,2.3,0,2,2
Christian McCaffrey,RB,SF,3,3,0,3,1
Cooper Kupp,WR,LAR,4.8,4.8,0,4,3
Tyreek Hill,WR,MIA,5.1,5.5,-0.4,5,4
Travis Kelce,TE,KC,6.2,5.4,0.8,6,1
Stefon Diggs,WR,BUF,7.1,7.2,-0.1,7,5
A.J. Brown,WR,PHI,8.2,8.6,-0.4,8,6
Davante Adams,WR,LV,10.1,10.2,-0.1,9,7
CeeDee Lamb,WR,DAL,10.5,10.4,0.1,10,8
Jonathan Taylor,RB,IND,11.2,11.4,-0.2,11,2
Austin Ekeler,RB,LAC,12.7,12.5,0.2,12,3
Bijan Robinson,RB,Rookie/FA,13.2,13.4,-0.2,13,4
Saquon Barkley,RB,NYG,14.2,14.6,-0.4,14,5
Garrett Wilson,WR,NYJ,14.7,14.8,-0.1,15,9
Amon-Ra St. Brown,WR,DET,15.9,15.8,0.1,16,10
Jaylen Waddle,WR,MIA,17.4,17.4,0,17,11
Patrick Mahomes,QB,KC,19.1,19.1,0,18,1
Josh Allen,QB,BUF,19.1,18.6,0.5,19,2
Jalen Hurts,QB,PHI,21.2,21.1,0.1,20,3
DeVonta Smith,WR,PHI,21.2,21.8,-0.6,21,12
Kenneth Walker,RB,SEA,22.2,22.9,-0.7,22,6
Tee Higgins,WR,CIN,22.8,21.8,1,23,13
Chris Olave,WR,NO,23.5,24.1,-0.6,24,14
Breece Hall,RB,NYJ,25.1,25,0.1,25,7
DK Metcalf,WR,SEA,26.3,26.3,0,26,15
Derrick Henry,RB,TEN,27.8,27.1,0.7,27,8
Nick Chubb,RB,CLE,28.2,28.2,0,28,9
Tony Pollard,RB,DAL,29.1,30.1,-1,29,10
Josh Jacobs,RB,LV,29.7,29.7,0,30,11
Travis Etienne,RB,JAX,31.3,31.1,0.2,31,12
Deebo Samuel,WR,SF,33,32.4,0.6,32,16
DeAndre Hopkins,WR,ARI,33.7,36.3,-2.6,33,17
Rhamondre Stevenson,RB,NE,34.3,34,0.3,34,13
Justin Fields,QB,CHI,34.5,34.2,0.3,35,4
Amari Cooper,WR,CLE,35.6,35.5,0.1,36,18
Calvin Ridley,WR,JAX,36.8,37.6,-0.8,37,19
Joe Burrow,QB,CIN,38.8,38,0.8,38,5
Mike Williams,WR,LAC,40.2,40.1,0.1,39,20
DJ Moore,WR,CAR,40.4,41.2,-0.8,40,21
Mark Andrews,TE,BAL,41.3,38.8,2.5,41,2
Najee Harris,RB,PIT,42.5,43.3,-0.8,42,14
T.J. Hockenson,TE,MIN,43.8,43.5,0.3,43,3
Jerry Jeudy,WR,DEN,43.9,44,-0.1,44,22
Drake London,WR,ATL,44.8,47.4,-2.6,45,23
Christian Watson,WR,GB,44.9,44.3,0.6,46,24
Michael Pittman,WR,IND,47.9,47.1,0.8,47,25
Terry McLaurin,WR,WAS,50.1,50.5,-0.4,48,26
Keenan Allen,WR,LAC,50.1,51.2,-1.1,49,27
Christian Kirk,WR,JAX,50.2,50.1,0.1,50,28
Lamar Jackson,QB,BAL,50.2,47.5,2.7,51,6
Jaxon Smith-Njigba,WR,Rookie/FA,51.6,52.7,-1.1,52,29
Jameson Williams,WR,DET,54.3,55.6,-1.3,53,30
George Kittle,TE,SF,54.6,53.8,0.8,54,4
Justin Herbert,QB,LAC,55.3,54.2,1.1,55,7
Chris Godwin,WR,TB,56.2,55.4,0.8,56,31
Tyler Lockett,WR,SEA,56.5,57,-0.5,57,32
Dalvin Cook,RB,MIN,58.3,58.5,-0.2,58,15
Trevor Lawrence,QB,JAX,59.5,58.6,0.9,59,8
Jahmyr Gibbs,RB,Rookie/FA,60.6,61.1,-0.5,60,16
Aaron Jones,RB,GB,61.7,61.8,-0.1,61,17
Brandon Aiyuk,WR,SF,62,64.3,-2.3,62,33
Kyle Pitts,TE,ATL,63.6,63.5,0.1,63,5
Marquise Brown,WR,ARI,64.3,63,1.3,64,34
Mike Evans,WR,TB,64.9,64,0.9,65,35
George Pickens,WR,PIT,66.7,67.2,-0.5,66,36
Dameon Pierce,RB,HOU,68,67.3,0.7,67,18
D'Andre Swift,RB,DET,69.4,68.8,0.6,68,19
Dallas Goedert,TE,PHI,69.9,69.2,0.7,69,6
J.K. Dobbins,RB,BAL,70.3,70.1,0.2,70,20
Treylon Burks,WR,TEN,70.8,70.6,0.2,71,37
Kadarius Toney,WR,KC,72,74.7,-2.7,72,38
Miles Sanders,RB,PHI,72.7,77.1,-4.4,73,21
Diontae Johnson,WR,PIT,74.3,73.5,0.8,74,39
Isiah Pacheco,RB,KC,76.3,75.7,0.6,75,22
Gabe Davis,WR,BUF,77.2,76.4,0.8,76,40
Joe Mixon,RB,CIN,77.9,77.1,0.8,77,23
Deshaun Watson,QB,CLE,79.2,82.3,-3.1,78,9
Javonte Williams,RB,DEN,80,76.1,3.9,79,24
Jahan Dotson,WR,WAS,80.2,78.8,1.4,80,41
David Montgomery,RB,CHI,80.8,88.5,-7.7,81,25
Darren Waller,TE,LV,81.3,87.1,-5.8,82,7
Cam Akers,RB,LAR,82.2,81.6,0.6,83,26
Quentin Johnston,WR,Rookie/FA,84.2,82.2,2,84,42
Dak Prescott,QB,DAL,85.9,87.2,-1.3,85,10
Brandin Cooks,WR,HOU,86.4,88.8,-2.4,86,43
Evan Engram,TE,JAX,86.5,85.5,1,87,8
Rashod Bateman,WR,BAL,87.3,83.9,3.4,88,44
Jordan Addison,WR,Rookie/FA,89.1,86,3.1,89,45
Tyler Allgeier,RB,ATL,89.2,88.1,1.1,90,27
Courtland Sutton,WR,DEN,90.9,89.1,1.8,91,46
James Cook,RB,BUF,94.4,92.1,2.3,92,28
Tua Tagovailoa,QB,MIA,94.5,96,-1.5,93,11
Rachaad White,RB,TB,95,94.3,0.7,94,29
Zach Charbonnet,RB,Rookie/FA,97,99.8,-2.8,95,30
Michael Thomas,WR,NO,97.2,100.7,-3.5,96,47
Zay Flowers,WR,Rookie/FA,97.4,98.5,-1.1,97,48
Khalil Herbert,RB,CHI,97.4,96.4,1,98,31
Daniel Jones,QB,NYG,98,99.7,-1.7,99,12
James Conner,RB,ARI,101.5,99.6,1.9,100,32
Elijah Moore,WR,NYJ,102,112.7,-10.7,101,49
Rashaad Penny,RB,SEA,102.1,112.5,-10.4,102,33
Jakobi Meyers,WR,NE,102.3,97,5.3,103,50
David Njoku,TE,CLE,102.5,101.7,0.8,104,9
Alvin Kamara,RB,NO,104.6,103.3,1.3,105,34
Kirk Cousins,QB,MIN,104.9,104.9,0,106,13
JuJu Smith-Schuster,WR,KC,107.1,105.9,1.2,107,51
Jamaal Williams,RB,DET,108.6,108.4,0.2,108,35
Pat Freiermuth,TE,PIT,110.4,111.1,-0.7,109,10
Darnell Mooney,WR,CHI,110.9,108.2,2.7,110,52
K.J. Osborn,WR,MIN,111,111.2,-0.2,111,53
AJ Dillon,RB,GB,112.2,112.9,-0.7,112,36
Aaron Rodgers,QB,GB,114.1,114.2,-0.1,113,14
Brian Robinson,RB,WAS,115.8,111.4,4.4,114,37
Trey Lance,QB,SF,116.6,105.8,10.8,115,15
Donovan Peoples-Jones,WR,CLE,116.7,110.2,6.5,116,54
Jalin Hyatt,WR,Rookie/FA,118,117,1,117,55
Jared Goff,QB,DET,118.9,117.6,1.3,118,16
Alexander Mattison,RB,MIN,119,123.5,-4.5,119,38
Tyler Boyd,WR,CIN,121.6,122.4,-0.8,120,56
Geno Smith,QB,SEA,121.7,122.3,-0.6,121,17
Allen Lazard,WR,GB,121.7,125.7,-4,122,57
Skyy Moore,WR,KC,122.5,128,-5.5,123,58
Zay Jones,WR,JAX,124.6,121.8,2.8,124,59
Russell Wilson,QB,DEN,125.9,121.5,4.4,125,18
Damien Harris,RB,NE,126.1,142.3,-16.2,126,39
Samaje Perine,RB,CIN,127.7,143.4,-15.7,127,40
Dalton Schultz,TE,DAL,127.9,124,3.9,128,11
Dawson Knox,TE,BUF,128.6,128.6,0,129,12
Kenneth Gainwell,RB,PHI,129.3,126.4,2.9,130,41
Joshua Palmer,WR,LAC,130.3,125.9,4.4,131,60
Odell Beckham,WR,Rookie/FA,131.3,134,-2.7,132,61
Cole Kmet,TE,CHI,133.3,130.9,2.4,133,13
Derek Carr,QB,Rookie/FA,133.9,131.9,2,134,19
Elijah Mitchell,RB,SF,135,136.5,-1.5,135,42
D'Onta Foreman,RB,CAR,136.6,140.3,-3.7,136,43
Wan'Dale Robinson,WR,NYG,138.4,134.4,4,137,62
Josh Downs,WR,Rookie/FA,138.6,133.9,4.7,138,63
Chigoziem Okonkwo,TE,TEN,139.1,140.3,-1.2,139,14
Kyler Murray,QB,ARI,139.6,135.1,4.5,140,20
Antonio Gibson,RB,WAS,141,141.6,-0.6,141,44
Adam Thielen,WR,MIN,141.4,154,-12.6,142,64
Greg Dulcich,TE,DEN,141.8,140.3,1.5,143,15
Romeo Doubs,WR,GB,144.3,141.9,2.4,144,65
Alec Pierce,WR,IND,146.8,148,-1.2,145,66
Ezekiel Elliott,RB,DAL,147.3,150.3,-3,146,45
Bryce Young,QB,Rookie/FA,150.2,146.6,3.6,147,21
Kareem Hunt,RB,CLE,150.4,139.7,10.7,148,46
Anthony Richardson,QB,Rookie/FA,151,150.2,0.8,149,22
Raheem Mostert,RB,MIA,151.2,155.7,-4.5,150,47
Devon Achane,RB,Rookie/FA,151.2,146.4,4.8,151,48
Rashid Shaheed,WR,NO,152.8,152.9,-0.1,152,67
Taysom Hill,TE,NO,152.9,152.5,0.4,153,16
DJ Chark,WR,DET,153.2,163.4,-10.2,154,68
Jordan Love,QB,GB,153.5,151.9,1.6,155,23
Rondale Moore,WR,ARI,155.5,152.5,3,156,69
CJ Stroud,QB,Rookie/FA,157.5,155.7,1.8,157,24
Jeff Wilson,RB,MIA,158.4,166,-7.6,158,49
Isaiah Hodgins,WR,NYG,158.5,150,8.5,159,70
Juwan Johnson,TE,NO,158.8,161.2,-2.4,160,17
Michael Gallup,WR,DAL,158.8,155.9,2.9,161,71
Marquez Valdes-Scantling,WR,KC,159.3,164.1,-4.8,162,72
Matthew Stafford,QB,LAR,163.5,159,4.5,163,25
Tyjae Spears,RB,Rookie/FA,163.8,163.2,0.6,164,50
Nico Collins,WR,HOU,166.2,176.2,-10,165,73
Hunter Renfrow,WR,LV,168.4,166.4,2,166,74
Sean Tucker,RB,Rookie/FA,169.2,162.9,6.3,167,51
Roschon Johnson,RB,Rookie/FA,169.2,172.8,-3.6,168,52
Kenny Pickett,QB,PIT,169.4,165.5,3.9,169,26
Michael Mayer,TE,Rookie/FA,169.8,168.6,1.2,170,18
Tyler Higbee,TE,LAR,172.9,173.7,-0.8,171,19
Jimmy Garoppolo,QB,SF,173,170.6,2.4,172,27
Devin Singletary,RB,BUF,173.3,175.3,-2,173,53
Curtis Samuel,WR,WAS,174.3,173,1.3,174,75
Tim Patrick,WR,DEN,174.5,176.6,-2.1,175,76
Chase Claypool,WR,CHI,175.2,170.5,4.7,176,77
Tyquan Thornton,WR,NE,177,175.5,1.5,177,78
Jaylen Warren,RB,PIT,178.4,187.1,-8.7,178,54
Mike Gesicki,TE,MIA,178.8,176.2,2.6,179,20
Khalil Shakir,WR,BUF,179,178.8,0.2,180,79
Gerald Everett,TE,LAC,181.4,179.6,1.8,181,21
Leonard Fournette,RB,TB,182,177.7,4.3,182,55
Parris Campbell,WR,IND,185,183.7,1.3,183,80
Trey McBride,TE,ARI,186.4,186.5,-0.1,184,22
Cordarrelle Patterson,RB,ATL,187.1,187.1,0,185,56
Terrace Marshall,WR,CAR,187.3,176.1,11.2,186,81
John Metchie,WR,HOU,187.6,186.4,1.2,187,82
Kendre Miller,RB,Rookie/FA,187.9,192.2,-4.3,188,57
Tank Bigsby,RB,Rookie/FA,188.2,186.6,1.6,189,58
Mecole Hardman,WR,KC,188.2,200.2,-12,190,83
Marvin Mims,WR,Rookie/FA,189.9,191.6,-1.7,191,84
Mac Jones,QB,NE,194.6,189.6,5,192,28
Robert Woods,WR,TEN,195.4,192.8,2.6,193,85
Jake Ferguson,TE,DAL,196.3,204.3,-8,194,23
Isaiah Likely,TE,BAL,197.3,195.1,2.2,195,24
Darius Slayton,WR,NYG,197.6,202,-4.4,196,86
Dalton Kincaid,TE,Rookie/FA,197.9,196.4,1.5,197,25
Hayden Hurst,TE,CIN,197.9,197.6,0.3,198,26
Michael Carter,RB,NYJ,201.7,205.1,-3.4,199,59
Zach Evans,RB,Rookie/FA,201.9,202.1,-0.2,200,60
Van Jefferson,WR,LAR,203.1,199.6,3.5,201,87
Noah Fant,TE,SEA,204.5,201,3.5,202,27
Kayshon Boutte,WR,Rookie/FA,204.6,190.9,13.7,203,88
James Robinson,RB,NYJ,206.3,210.1,-3.8,204,61
Tyler Conklin,TE,NYJ,207.8,205.9,1.9,205,28
Jerick McKinnon,RB,KC,209.7,203.1,6.6,206,62
Chuba Hubbard,RB,CAR,210.7,208.9,1.8,207,63
Brock Purdy,QB,SF,211.4,227.6,-16.2,208,29
Sam Howell,QB,WAS,211.7,203.6,8.1,209,30
Deonte Harty,WR,NO,212,224.2,-12.2,210,89
Israel Abanikanda,RB,Rookie/FA,212.2,223.2,-11,211,64
Jelani Woods,TE,IND,213,213.6,-0.6,212,29
Chase Brown,RB,Rookie/FA,215,210.9,4.1,213,65
Ryan Tannehill,QB,TEN,216,217.3,-1.3,214,31
Olamide Zaccheaus,WR,ATL,216,239.8,-23.8,215,90
Salvon Ahmed,RB,MIA,216,216,0,216,66
Demarcus Robinson,WR,BAL,216,216,0,217,91
Dontrell Hilliard,RB,TEN,216,240,-24,218,67
Justin Jackson,RB,DET,216,216,0,219,68
Caleb Huntley,RB,ATL,216,216,0,220,69
Myles Gaskin,RB,MIA,216,240,-24,221,70
Jalen Guyton,WR,LAC,216,216,0,222,92
Chris Moore,WR,HOU,216,216,0,223,93
Tommy Tremble,TE,CAR,216,216,0,224,30
J.D. McKissic,RB,WAS,216,216,0,225,71
Pharaoh Brown,TE,CLE,216,216,0,226,31
Harrison Bryant,TE,CLE,216,216,0,227,32
John Bates,TE,WAS,216,216,0,228,33
Carson Wentz,QB,WAS,216,216,0,229,32
Dee Eskridge,WR,SEA,216,240,-24,230,94
Zach Pascal,WR,PHI,216,216,0,231,95
Antoine Wesley,WR,ARI,216,216,0,232,96
Kenyan Drake,RB,BAL,216,216,0,233,72
Sam Ehlinger,QB,IND,216,216,0,234,33
Ameer Abdullah,RB,LV,216,216,0,235,73
Robbie Anderson,WR,ARI,216,216,0,236,97
Amari Rodgers,WR,HOU,216,216,0,237,98
A.J. Green,WR,Rookie/FA,216,216,0,238,99
Tyrod Taylor,QB,NYG,216,216,0,239,34
Byron Pringle,WR,CHI,216,216,0,240,100
Case Keenum,QB,BUF,216,216,0,241,35
Dan Arnold,TE,JAX,216,216,0,242,34
Mitch Trubisky,QB,PIT,216,240,-24,243,36
Durham Smythe,TE,MIA,216,239.9,-23.9,244,35
Breshad Perriman,WR,TB,216,216,0,245,101
Darrel Williams,RB,ARI,216,216,0,246,74
Dante Pettis,WR,CHI,216,216,0,247,102
Sammy Watkins,WR,BAL,216,216,0,248,103
Snoop Conner,RB,JAX,216,240,-24,249,75
Damiere Byrd,WR,ATL,216,216,0,250,104
Kendall Hinton,WR,DEN,216,216,0,251,105
Laquon Treadwell,WR,SEA,216,216,0,252,106
Brycen Hopkins,TE,LAR,216,216,0,253,36
Pharoh Cooper,WR,ARI,216,216,0,254,107
Charlie Kolar,TE,BAL,216,216,0,255,37
Trestan Ebner,RB,CHI,216,216,0,256,76
Brevin Jordan,TE,HOU,216,216,0,257,38
Jaret Patterson,RB,WAS,216,216,0,258,77
Cameron Brate,TE,TB,216,216,0,259,39
Rashard Higgins,WR,CAR,216,216,0,260,108
Steven Sims,WR,PIT,216,216,0,261,109
T.Y. Hilton,WR,DAL,216,216,0,262,110
Quintez Cephus,WR,DET,216,216,0,263,111
Demetric Felton,RB,CLE,216,216,0,264,78
Chris Conley,WR,TEN,216,216,0,265,112
Dax Milne,WR,WAS,216,216,0,266,113
Keelan Cole,WR,LV,216,216,0,267,114
Cole Turner,TE,WAS,216,216,0,268,40
Quintin Morris,TE,BUF,216,216,0,269,41
Randall Cobb,WR,GB,216,240,-24,270,115
Larry Rountree,RB,LAC,216,216,0,271,79
Brandon Bolden,RB,LV,216,216,0,272,80
Matt Ryan,QB,IND,216,216,0,273,37
Anthony Schwartz,WR,CLE,216,216,0,274,116
Ryan Griffin,QB,Rookie/FA,216,216,0,275,38
Adam Trautman,TE,NO,216,240,-24,276,42
Michael Woods,WR,CLE,216,216,0,277,117
Rex Burkhead,RB,HOU,216,216,0,278,81
Julius Chestnut,RB,TEN,216,216,0,279,82
Parker Hesse,TE,ATL,216,216,0,280,43
Maxx Williams,TE,ARI,216,216,0,281,44
Tanner Hudson,TE,CIN,216,216,0,282,45
Malcolm Brown,RB,LAR,216,216,0,283,83
Marlon Mack,RB,DEN,216,216,0,284,84
Skylar Thompson,QB,MIA,216,216,0,285,39
Gary Brightwell,RB,NYG,216,216,0,286,85
Reggie Gilliam,RB,BUF,216,216,0,287,86
Jermar Jefferson,RB,DET,216,216,0,288,87
Matt Corral,QB,CAR,216,216,0,289,40
Nick Mullens,QB,MIN,216,240,-24,290,41
Ian Thomas,TE,CAR,216,216,0,291,46
Teddy Bridgewater,QB,MIA,216,216,0,292,42
Mason Rudolph,QB,PIT,216,216,0,293,43
Drew Lock,QB,SEA,216,216,0,294,44
Chad Henne,QB,Rookie/FA,216,216,0,295,45
Joshua Dobbs,QB,TEN,216,216,0,296,46
Joe Flacco,QB,NYJ,216,216,0,297,47
C.J. Beathard,QB,JAX,216,216,0,298,48
Kyle Allen,QB,HOU,216,216,0,299,49
Josh Johnson,RB,Rookie/FA,216,216,0,300,88
John Wolford,QB,LAR,216,216,0,301,50
Giovani Bernard,RB,TB,216,216,0,302,89
Anthony Firkser,TE,ATL,216,216,0,303,47
Marcus Kemp,WR,KC,216,216,0,304,118
Tim Boyle,QB,CHI,216,216,0,305,51
Luke Farrell,TE,JAX,216,216,0,306,48
Daurice Fountain,WR,CHI,216,216,0,307,119
Darius Bradwell,RB,Rookie/FA,216,216,0,308,90
Sean McKeon,TE,DAL,216,216,0,309,49
Brayden Willis,TE,Rookie/FA,216,216,0,310,50
Ryan Nall,RB,Rookie/FA,216,216,0,311,91
Tommy Stevens,QB,Rookie/FA,216,216,0,312,52
Lamar Miller,RB,Rookie/FA,216,216,0,313,92
Bryce Perkins,QB,LAR,216,216,0,314,53
Ethan Wolf,TE,Rookie/FA,216,216,0,315,51
Travis Benjamin,WR,Rookie/FA,216,216,0,316,120
DeAndre Thompkins,WR,Rookie/FA,216,216,0,317,121
Lil'Jordan Humphrey,WR,Rookie/FA,216,216,0,318,122
Virgil Green,TE,Rookie/FA,216,216,0,319,52
Jesper Horsted,TE,LV,216,239.6,-23.6,320,53
Easton Dean,TE,Rookie/FA,216,216,0,321,54
Krishawn Hogan,WR,Rookie/FA,216,216,0,322,123
John Kelly,RB,CLE,216,216,0,323,93
Tanner Morgan,QB,Rookie/FA,216,216,0,324,54
Bo Melton,WR,GB,216,216,0,325,124
John Hightower,WR,LAC,216,216,0,326,125
Dorian Thompson-Robinson,QB,Rookie/FA,216,216,0,327,55
J.J. Koski,WR,Rookie/FA,216,216,0,328,126
Kenny Stills,WR,Rookie/FA,216,216,0,329,127
Tyler Ervin,RB,Rookie/FA,216,216,0,330,94
Rasheen Ali,RB,Rookie/FA,216,216,0,331,95
Ryquell Armstead,RB,Rookie/FA,216,216,0,332,96
Jordan Franks,TE,KC,216,216,0,333,55
Kaden Smith,TE,Rookie/FA,216,216,0,334,56
DeShon Williams,TE,Rookie/FA,216,216,0,335,57
Cameron Ward,QB,Rookie/FA,216,216,0,336,56
Greg Olsen,TE,Rookie/FA,216,216,0,337,58
Josh Adams,RB,Rookie/FA,216,216,0,338,97
Hakeem Butler,TE,Rookie/FA,216,216,0,339,59
Chris Lacy,WR,LV,216,216,0,340,128
Keilan Robinson,RB,Rookie/FA,216,216,0,341,98
Aaron Shampklin,RB,IND,216,216,0,342,99
Seth Green,TE,DAL,216,216,0,343,60
Xavier Grimble,TE,Rookie/FA,216,216,0,344,61
Tyler Snead,WR,Rookie/FA,216,216,0,345,129
Easton Stick,QB,LAC,216,216,0,346,57
Dustin Crum,QB,Rookie/FA,216,216,0,347,58
Demetrius Harris,TE,Rookie/FA,216,216,0,348,62
Trevon Clark,WR,Rookie/FA,216,216,0,349,130
Nathan Rourke,QB,JAX,216,216,0,350,59
Cody Latimer,WR,Rookie/FA,216,216,0,351,131
Antony Auclair,TE,Rookie/FA,216,216,0,352,63
Matt Lengel,TE,Rookie/FA,216,216,0,353,64
Da'Mari Scott,WR,Rookie/FA,216,216,0,354,132
Demarkcus Bowman,RB,Rookie/FA,216,216,0,355,100
Elijhaa Penny,RB,Rookie/FA,216,216,0,356,101
Daniel Helm,TE,Rookie/FA,216,216,0,357,65
Cullen Gillaspia,RB,SEA,216,216,0,358,102
Kevin Austin,WR,JAX,216,216,0,359,133
De'Anthony Thomas,WR,Rookie/FA,216,216,0,360,134
Trevon Wesco,TE,CHI,216,216,0,361,66
Deamonte Trayanum,RB,Rookie/FA,216,216,0,362,103
Jeremy McNichols,RB,PIT,216,216,0,363,104
Keytaon Thompson,WR,Rookie/FA,216,216,0,364,135
Marvin Hall,WR,Rookie/FA,216,216,0,365,136
Isaac Nauta,TE,Rookie/FA,216,216,0,366,67
Keith Smith,RB,ATL,216,216,0,367,105
Anthony Brown,QB,BAL,216,216,0,368,60
Chris Blair,WR,Rookie/FA,216,216,0,369,137
Austin Fort,TE,Rookie/FA,216,216,0,370,68
C.J. Saunders,WR,CAR,216,216,0,371,138
Eric Saubert,TE,DEN,216,216,0,372,69
Kalif Jackson,TE,Rookie/FA,216,216,0,373,70
Rob Gronkowski,TE,Rookie/FA,216,216,0,374,71
Terry Godwin,WR,Rookie/FA,216,216,0,375,139
Patrick Laird,RB,TB,216,216,0,376,106
Royce Freeman,RB,HOU,216,216,0,377,107
Nick O'Leary,TE,Rookie/FA,216,216,0,378,72
Carson Meier,TE,Rookie/FA,216,216,0,379,73
Brandon Smith,WR,Rookie/FA,216,216,0,380,140
Rodney Adams,WR,Rookie/FA,216,216,0,381,141
Dennis Houston,WR,DAL,216,216,0,382,142
Tyler Kroft,TE,SF,216,216,0,383,74
J.P. Holtz,TE,NO,216,216,0,384,75
Tanner McKee,QB,Rookie/FA,216,216,0,385,61
Brandon Lewis,WR,Rookie/FA,216,216,0,386,143
Ryan Finley,QB,Rookie/FA,216,216,0,387,62
Jalen Cropper,WR,Rookie/FA,216,216,0,388,144
Keylon Stokes,WR,Rookie/FA,216,216,0,389,145
David Sills,WR,NYG,216,216,0,390,146
Jon'Vea Johnson,WR,Rookie/FA,216,216,0,391,147
Andre Patton,WR,Rookie/FA,216,216,0,392,148
Gary Jennings,WR,Rookie/FA,216,216,0,393,149
Riley Lees,WR,Rookie/FA,216,216,0,394,150
Kyle Juszczyk,RB,SF,216,216,0,395,108
Wes Hills,RB,Rookie/FA,216,216,0,396,109
Jerome Cunningham,TE,Rookie/FA,216,216,0,397,76
LeVante Bellamy,RB,Rookie/FA,216,216,0,398,110
Ethan Fernea,WR,IND,216,216,0,399,151
Kawaan Baker,WR,NO,216,216,0,400,152
Gabe Nabers,RB,Rookie/FA,216,216,0,401,111
Nick Bawden,RB,NYJ,216,216,0,402,112
Jake Fromm,QB,WAS,216,216,0,403,63
Mikey Daniel,RB,Rookie/FA,216,216,0,404,113
Lance McCutcheon,WR,LAR,216,216,0,405,153
Chris Herndon,TE,Rookie/FA,216,216,0,406,77
Darrell Henderson,RB,Rookie/FA,216,216,0,407,114
Jacob Harris,WR,LAR,216,216,0,408,154
Jesse James,TE,CLE,216,216,0,409,78
Jaylen Samuels,RB,Rookie/FA,216,216,0,410,115
De'Mornay Pierson-El,WR,Rookie/FA,216,216,0,411,155
Kendric Pryor,WR,JAX,216,216,0,412,156
Theo Johnson,TE,Rookie/FA,216,216,0,413,79
Dwayne Washington,RB,NO,216,216,0,414,116
Ajou Ajou,WR,Rookie/FA,216,216,0,415,157
Gehrig Dieter,WR,Rookie/FA,216,216,0,416,158
Richard Rodgers,TE,LAC,216,216,0,417,80
Austin Mack,WR,Rookie/FA,216,216,0,418,159
Ronnie Bell,WR,Rookie/FA,216,240,-24,419,160
DeSean Jackson,WR,Rookie/FA,216,216,0,420,161
Henry Ruggs,WR,Rookie/FA,216,216,0,421,162
Cole McDonald,QB,Rookie/FA,216,216,0,422,64
Wayne Gallman,RB,Rookie/FA,216,216,0,423,117
Devon Williams,WR,Rookie/FA,216,216,0,424,163
Penny Hart,WR,SEA,216,240,-24,425,164
Jaylen Smith,WR,Rookie/FA,216,216,0,426,165
Nick Bellore,RB,SEA,216,216,0,427,118
Darion Clark,TE,Rookie/FA,216,216,0,428,81
Marcus Santos-Silva,TE,Rookie/FA,216,216,0,429,82
Alexander Hollins,WR,Rookie/FA,216,216,0,430,166
Jason Moore,WR,Rookie/FA,216,216,0,431,167
Melvin Gordon,RB,KC,216,240,-24,432,119
Rod Smith,RB,Rookie/FA,216,216,0,433,120
Dalton Schoen,WR,Rookie/FA,216,216,0,434,168
Marcus Johnson,WR,NYG,216,216,0,435,169
Malik Taylor,WR,NYJ,216,216,0,436,170
Derek Watt,RB,PIT,216,216,0,437,121
Cary Angeline,TE,Rookie/FA,216,216,0,438,83
Xazavian Valladay,RB,Rookie/FA,216,216,0,439,122
Ben DiNucci,QB,Rookie/FA,216,216,0,440,65
Darius Jennings,WR,Rookie/FA,216,216,0,441,171
Nick Eubanks,TE,Rookie/FA,216,216,0,442,84
Troymaine Pope,RB,Rookie/FA,216,216,0,443,123
Alize Mack,TE,Rookie/FA,216,216,0,444,85
Brennan Eagles,WR,Rookie/FA,216,216,0,445,172
Brandon Dillon,TE,Rookie/FA,216,216,0,446,86
J.J. Arcega-Whiteside,WR,Rookie/FA,216,216,0,447,173
Miller Forristall,TE,NO,216,216,0,448,87
Seth Williams,WR,JAX,216,216,0,449,174
Marquez Stevenson,WR,CLE,216,216,0,450,175
Rodney Smith,RB,Rookie/FA,216,216,0,451,124
Trey Ragas,RB,Rookie/FA,216,216,0,452,125
Jakeem Grant,WR,CLE,216,216,0,453,176
Khalfani Muhammad,RB,Rookie/FA,216,216,0,454,126
Dai'Jean Dixon,WR,Rookie/FA,216,216,0,455,177
Kurt Benkert,QB,Rookie/FA,216,216,0,456,66
Derrick Gore,RB,NO,216,216,0,457,127
Jonathan Williams,RB,WAS,216,216,0,458,128
Clayton Thorson,QB,Rookie/FA,216,216,0,459,67
DeShone Kizer,QB,Rookie/FA,216,216,0,460,68
Taylor Gabriel,WR,Rookie/FA,216,216,0,461,178
Malik Turner,WR,Rookie/FA,216,216,0,462,179
Jakob Johnson,RB,LV,216,216,0,463,129
Chris Tyree,RB,Rookie/FA,216,216,0,464,130
Cyril Grayson,WR,Rookie/FA,216,216,0,465,180
Brittain Brown,RB,LV,216,216,0,466,131
Maurice Ffrench,WR,Rookie/FA,216,216,0,467,181
Rico Gafford,WR,Rookie/FA,216,216,0,468,182
John Lovett,RB,MIA,216,216,0,469,132
Will Grier,QB,DAL,216,216,0,470,69
Jake Rudock,QB,Rookie/FA,216,216,0,471,70
Deontez Alexander,WR,Rookie/FA,216,216,0,472,183
Tyler Mabry,TE,SEA,216,216,0,473,88
Justin Rigg,TE,TEN,216,216,0,474,89
Carlos Hyde,RB,Rookie/FA,216,216,0,475,133
Malik Cunningham,QB,Rookie/FA,216,216,0,476,71
Ben Roethlisberger,QB,Rookie/FA,216,216,0,477,72
Karan Higdon,RB,Rookie/FA,216,216,0,478,134
Keke Coutee,WR,Rookie/FA,216,216,0,479,184
Micah Simon,WR,Rookie/FA,216,216,0,480,185
Scotty Washington,WR,NE,216,216,0,481,186
Chad Hansen,WR,Rookie/FA,216,216,0,482,187
Senorise Perry,RB,Rookie/FA,216,216,0,483,135
Tyron Johnson,WR,SF,216,216,0,484,188
John FitzPatrick,TE,ATL,216,216,0,485,90
Austin Walter,RB,LV,216,216,0,486,136
Thaddeus Moss,TE,Rookie/FA,216,216,0,487,91
Trey Quinn,WR,Rookie/FA,216,216,0,488,189
Gerrit Prince,TE,JAX,216,216,0,489,92
Curtis Hodges,TE,WAS,216,216,0,490,93
Will Rogers,QB,Rookie/FA,216,216,0,491,73
Jake Luton,QB,NO,216,216,0,492,74
Chris Thompson,RB,Rookie/FA,216,216,0,493,137
Ben Ellefson,TE,MIN,216,216,0,494,94
Otis Anderson,RB,Rookie/FA,216,216,0,495,138
Darius Jackson,RB,Rookie/FA,216,216,0,496,139
Geoff Swaim,TE,TEN,216,216,0,497,95
Jeremy Cox,RB,Rookie/FA,216,216,0,498,140
Sewo Olonilua,RB,Rookie/FA,216,216,0,499,141
Keelan Doss,WR,LAC,216,216,0,500,190
Tre Tucker,WR,Rookie/FA,216,216,0,501,191
Nolan Givan,TE,Rookie/FA,216,216,0,502,96
Rashard Davis,WR,Rookie/FA,216,216,0,503,192
Colin Thompson,TE,Rookie/FA,216,216,0,504,97
Myron Mitchell,WR,Rookie/FA,216,216,0,505,193
Garrett Griffin,TE,DET,216,216,0,506,98
T.J. Vasher,WR,Rookie/FA,216,216,0,507,194
Taysir Mack,WR,Rookie/FA,216,216,0,508,195
Tyler Goodson,RB,GB,216,216,0,509,142
DeAndre Washington,RB,Rookie/FA,216,216,0,510,143
C.J. Anderson,RB,Rookie/FA,216,216,0,511,144
Bernhard Seikovits,TE,ARI,216,216,0,512,99
Jordan Johnson,WR,Rookie/FA,216,216,0,513,196
Jalen Morton,QB,Rookie/FA,216,216,0,514,75
Alex Tanney,QB,Rookie/FA,216,216,0,515,76
Anthony Miller,WR,PIT,216,216,0,516,197
Jyaire Shorter,WR,Rookie/FA,216,216,0,517,198
Dan Chisena,WR,PIT,216,216,0,518,199
Jaquarii Roberson,WR,LAR,216,216,0,519,200
Marcell Brooks,WR,Rookie/FA,216,216,0,520,201
Levine Toilolo,TE,Rookie/FA,216,216,0,521,100
Jaden Walley,WR,Rookie/FA,216,216,0,522,202
Dedrick Mills,RB,Rookie/FA,216,216,0,523,145
Kemore Gamble,TE,Rookie/FA,216,216,0,524,101
Kevin Shaa,WR,Rookie/FA,216,216,0,525,203
John Raine,TE,ATL,216,216,0,526,102
Charleston Rambo,WR,Rookie/FA,216,216,0,527,204
Jordan Howard,RB,Rookie/FA,216,216,0,528,146
Brett Hundley,QB,Rookie/FA,216,216,0,529,77
Alex Taylor,TE,Rookie/FA,216,216,0,530,103
Jeff Badet,WR,Rookie/FA,216,216,0,531,205
Hunter Long,TE,MIA,216,216,0,532,104
Austin Proehl,WR,Rookie/FA,216,216,0,533,206
Duke Johnson,RB,Rookie/FA,216,216,0,534,147
Dontario Drummond,WR,DAL,216,216,0,535,207
Clint Ratkovich,RB,ATL,216,216,0,536,148
Thomas Hennigan,WR,MIN,216,216,0,537,208
Darece Roberson,WR,Rookie/FA,216,216,0,538,209
Buddy Howell,RB,Rookie/FA,216,216,0,539,149
James White,RB,Rookie/FA,216,216,0,540,150
Jordan Veasy,WR,Rookie/FA,216,216,0,541,210
Charles Jones,TE,Rookie/FA,216,216,0,542,105
Kerrith Whyte,RB,Rookie/FA,216,216,0,543,151
Bryant Koback,RB,Rookie/FA,216,216,0,544,152
Quartney Davis,WR,Rookie/FA,216,216,0,545,211
Cade Brewer,TE,Rookie/FA,216,216,0,546,106
Sal Cannella,TE,Rookie/FA,216,216,0,547,107
Robert Foster,WR,Rookie/FA,216,216,0,548,212
Qadree Ollison,RB,JAX,216,239.8,-23.8,549,153
Daewood Davis,WR,Rookie/FA,216,216,0,550,213
Darrynton Evans,RB,CHI,216,216,0,551,154
Justin Johnson,TE,Rookie/FA,216,216,0,552,108
Travell Harris,WR,Rookie/FA,216,216,0,553,214
Anthony Sherman,RB,Rookie/FA,216,216,0,554,155
Demaryius Thomas,TE,Rookie/FA,216,216,0,555,109
Ian Book,QB,PHI,216,216,0,556,78
Ronnie Rivers,RB,LAR,216,216,0,557,156
Tim Jones,WR,JAX,216,216,0,558,215
CJ Marable,RB,Rookie/FA,216,216,0,559,157
Lance Lenoir,WR,LAR,216,216,0,560,216
Master Teague,RB,PIT,216,216,0,561,158
Tavon Austin,WR,Rookie/FA,216,216,0,562,217
Jerrion Ealy,WR,KC,216,216,0,563,218
Jordan Wilkins,RB,Rookie/FA,216,216,0,564,159
Chester Rogers,WR,Rookie/FA,216,216,0,565,219
Mitchell Wilcox,TE,CIN,216,216,0,566,110
Marcedes Lewis,TE,GB,216,216,0,567,111
Ty Fryfogle,WR,Rookie/FA,216,216,0,568,220
Jalen Virgil,WR,DEN,216,216,0,569,221
Daylen Baldwin,WR,CLE,216,216,0,570,222
Cody Thompson,WR,SEA,216,216,0,571,223
Bronson Kaufusi,TE,Rookie/FA,216,216,0,572,112
Andre Baccellia,WR,ARI,216,216,0,573,224
Mike Strachan,WR,IND,216,216,0,574,225
Dillon Stoner,WR,LV,216,216,0,575,226
Raymond Calais,RB,Rookie/FA,216,216,0,576,160
Jared Cook,TE,Rookie/FA,216,216,0,577,113
JaQuan Hardy,RB,Rookie/FA,216,216,0,578,161
Ben Mason,RB,BAL,216,216,0,579,162
Mason Fairchild,TE,Rookie/FA,216,216,0,580,114
Omar Bayless,WR,Rookie/FA,216,216,0,581,227
Michael Walker,WR,Rookie/FA,216,216,0,582,228
Kyle Shurmur,QB,Rookie/FA,216,216,0,583,79
Dez Bryant,WR,Rookie/FA,216,216,0,584,229
Samson Nacua,WR,Rookie/FA,216,216,0,585,230
Elijah Cooks,WR,Rookie/FA,216,216,0,586,231
Jashaun Corbin,RB,NYG,216,216,0,587,163
Sean Shaw,WR,Rookie/FA,216,216,0,588,232
Corey Rucker,WR,Rookie/FA,216,216,0,589,233
Kenny Yeboah,TE,NYJ,216,216,0,590,115
Marshon Ford,TE,Rookie/FA,216,216,0,591,116
DeMichael Harris,WR,Rookie/FA,216,216,0,592,234
Nikola Kalinic,TE,IND,216,216,0,593,117
Sean Mannion,QB,Rookie/FA,216,216,0,594,80
Andy Isabella,WR,BAL,216,216,0,595,235
Scottie Phillips,RB,Rookie/FA,216,216,0,596,164
John Ursua,WR,Rookie/FA,216,216,0,597,236
Kyle Lauletta,QB,Rookie/FA,216,216,0,598,81
Jared Bernhardt,WR,ATL,216,216,0,599,237
Jarrett Guarantano,QB,DEN,216,216,0,600,82
Damion Ratley,WR,Rookie/FA,216,216,0,601,238
Carl Tucker,RB,Rookie/FA,216,216,0,602,165
Demario Douglas,WR,Rookie/FA,216,216,0,603,239
Shelton Gibson,WR,Rookie/FA,216,216,0,604,240
Vyncint Smith,WR,IND,216,216,0,605,241
Kirk Merritt,WR,NO,216,216,0,606,242
Tim DeMorat,QB,Rookie/FA,216,216,0,607,83
Damien Williams,RB,Rookie/FA,216,216,0,608,166
Ted Ginn,WR,Rookie/FA,216,216,0,609,243
Alex Bachman,WR,HOU,216,216,0,610,244
Devin Gray,WR,Rookie/FA,216,216,0,611,245
Grant Gunnell,QB,Rookie/FA,216,216,0,612,84
Noah Togiai,TE,PHI,216,216,0,613,118
Jamize Olawale,RB,Rookie/FA,216,216,0,614,167
Isaiah Wright,WR,Rookie/FA,216,216,0,615,246
Zach Gentry,TE,PIT,216,216,0,616,119
Tommy Sweeney,TE,BUF,216,216,0,617,120
Lucas Krull,TE,NO,216,216,0,618,121
Darius Anderson,RB,Rookie/FA,216,216,0,619,168
Ja'Marcus Bradley,WR,PIT,216,216,0,620,247
Ryan Switzer,WR,Rookie/FA,216,216,0,621,248
Jordan Leggett,TE,Rookie/FA,216,216,0,622,122
T.J. Logan,RB,Rookie/FA,216,216,0,623,169
Bennie Fowler,WR,Rookie/FA,216,216,0,624,249
Jonathan Ward,RB,TEN,216,216,0,625,170
Tommy Bohanon,RB,Rookie/FA,216,216,0,626,171
Dax Raymond,TE,Rookie/FA,216,239.7,-23.7,627,123
Emanuel Hall,WR,Rookie/FA,216,216,0,628,250
Chris Pierce,TE,ARI,216,216,0,629,124
Bo Scarbrough,RB,Rookie/FA,216,216,0,630,172
Sandro Platzgummer,RB,Rookie/FA,216,216,0,631,173
Jeff Smith,WR,NYJ,216,216,0,632,251
Jake Butt,TE,Rookie/FA,216,216,0,633,125
Jeremy Sprinkle,TE,Rookie/FA,216,216,0,634,126
Matt Colburn,RB,Rookie/FA,216,216,0,635,174
Stanley Morgan,WR,CIN,216,216,0,636,252
Phillip Dorsett,WR,HOU,216,216,0,637,253
Ben Braunecker,TE,Rookie/FA,216,216,0,638,127
Joe Webb,QB,Rookie/FA,216,216,0,639,85
DeAndrew White,WR,Rookie/FA,216,216,0,640,254
Connor Davis,TE,Rookie/FA,216,216,0,641,128
Tre Harbison,RB,Rookie/FA,216,216,0,642,175
River Cracraft,WR,MIA,216,216,0,643,255
Davis Cheek,QB,Rookie/FA,216,216,0,644,86
Kennedy Brooks,RB,PHI,216,216,0,645,176
Tony Brown,WR,Rookie/FA,216,216,0,646,256
Jalen Wydermyer,TE,IND,216,216,0,647,129
Derrick Deese,TE,DET,216,216,0,648,130
Anthony Gordon,QB,Rookie/FA,216,216,0,649,87
T.J. Yeldon,RB,Rookie/FA,216,216,0,650,177
Davis Webb,QB,Rookie/FA,216,216,0,651,88
Chris Carson,RB,Rookie/FA,216,216,0,652,178
Matt Cole,WR,Rookie/FA,216,216,0,653,257
Jimmy Graham,TE,Rookie/FA,216,216,0,654,131
Jake Tonges,TE,CHI,216,216,0,655,132
Jeremiah Haydel,WR,Rookie/FA,216,216,0,656,258
Tony Poljan,TE,Rookie/FA,216,216,0,657,133
Derrick Willies,WR,Rookie/FA,216,216,0,658,259
J'Mon Moore,WR,Rookie/FA,216,216,0,659,260
Mykel Jones,WR,Rookie/FA,216,216,0,660,261
Austin Allen,TE,GB,216,216,0,661,134
Terrelle Pryor,WR,Rookie/FA,216,216,0,662,262
Kai Locksley,WR,Rookie/FA,216,216,0,663,263
Dallas Daniels,WR,Rookie/FA,216,216,0,664,264
Jordan Thomas,TE,Rookie/FA,216,216,0,665,135
Jason Cabinda,RB,DET,216,216,0,666,179
Tyler Vaughns,WR,Rookie/FA,216,216,0,667,265
Nathan Peterman,QB,CHI,216,216,0,668,89
Tayon Fleet-Davis,RB,Rookie/FA,216,216,0,669,180
Gabe Holmes,TE,Rookie/FA,216,216,0,670,136
Nick Ralston,RB,Rookie/FA,216,216,0,671,181
Mason Schreck,TE,HOU,216,216,0,672,137
Javon McKinley,WR,Rookie/FA,216,216,0,673,266
Jeremiah Hall,RB,Rookie/FA,216,216,0,674,182
Codey McElroy,TE,Rookie/FA,216,216,0,675,138
Brandon Zylstra,WR,DET,216,216,0,676,267
Luke Willson,TE,Rookie/FA,216,216,0,677,139
Patrick DiMarco,RB,Rookie/FA,216,216,0,678,183
Tyler Harrell,WR,Rookie/FA,216,216,0,679,268
Alfred Morris,RB,Rookie/FA,216,216,0,680,184
Pro Wells,TE,Rookie/FA,216,216,0,681,140
Jordan Matthews,TE,SF,216,216,0,682,141
Roosevelt Nix,RB,Rookie/FA,216,216,0,683,185
Carson Strong,QB,Rookie/FA,216,216,0,684,90
Derrick Dillon,WR,Rookie/FA,216,216,0,685,269
Khari Blasingame,RB,CHI,216,216,0,686,186
Kyle Patterson,TE,Rookie/FA,216,216,0,687,142
Jason Vander Laan,TE,Rookie/FA,216,216,0,688,143
Jaydon Mickens,WR,NYG,216,216,0,689,270
Trevor Davis,WR,Rookie/FA,216,216,0,690,271
Luis Perez,QB,Rookie/FA,216,216,0,691,91
DeVonte Dedmon,WR,Rookie/FA,216,216,0,692,272
Cameron Batson,WR,Rookie/FA,216,216,0,693,273
D'Eriq King,QB,Rookie/FA,216,216,0,694,92
James Washington,WR,Rookie/FA,216,216,0,695,274
Jack Sorenson,WR,Rookie/FA,216,216,0,696,275
Cody Hollister,WR,TEN,216,216,0,697,276
Dominick Blaylock,WR,Rookie/FA,216,216,0,698,277
Ty'Son Williams,RB,ARI,216,216,0,699,187
Dazz Newsome,WR,SF,216,216,0,700,278
Ihmir Smith-Marsette,WR,KC,216,216,0,701,279
Ben Sims,TE,Rookie/FA,216,216,0,702,144
David Johnson,RB,NO,216,216,0,703,188
Reggie Begelton,WR,Rookie/FA,216,216,0,704,280
Caleb Wilson,TE,Rookie/FA,216,216,0,705,145
Bilal Powell,RB,Rookie/FA,216,216,0,706,189
Alex Erickson,WR,WAS,216,216,0,707,281
Paul Richardson,WR,Rookie/FA,216,216,0,708,282
Dez Fitzpatrick,WR,PIT,216,216,0,709,283
Sean Culkin,TE,Rookie/FA,216,216,0,710,146
Kenjon Barner,RB,Rookie/FA,216,216,0,711,190
Josh Doctson,WR,Rookie/FA,216,216,0,712,284
Johnny Stanton,RB,Rookie/FA,216,216,0,713,191
Mike Weber,RB,Rookie/FA,216,216,0,714,192
Josh Hill,TE,Rookie/FA,216,216,0,715,147
Antonio Nunn,WR,Rookie/FA,216,216,0,716,285
Chris Finke,WR,Rookie/FA,216,216,0,717,286
Trey Edmunds,RB,Rookie/FA,216,216,0,718,193
Jeff Driskel,QB,HOU,216,216,0,719,93
Brayden Lenius,TE,Rookie/FA,216,216,0,720,148
Benny LeMay,RB,Rookie/FA,216,216,0,721,194
Pooka Williams,WR,Rookie/FA,216,216,0,722,287
Thomas Greaney,TE,Rookie/FA,216,216,0,723,149
Shermari Jones,RB,Rookie/FA,216,216,0,724,195
Elijah Holyfield,RB,CIN,216,216,0,725,196
Stephen Anderson,TE,ARI,216,216,0,726,150
Nate Stanley,QB,Rookie/FA,216,216,0,727,94
Devin Ross,WR,Rookie/FA,216,216,0,728,288
KeeSean Johnson,WR,BUF,216,216,0,729,289
Javon Leake,RB,Rookie/FA,216,216,0,730,197
Josh Bellamy,WR,Rookie/FA,216,216,0,731,290
Jamal Pettigrew,TE,Rookie/FA,216,216,0,732,151
Temarrick Hemingway,TE,Rookie/FA,216,216,0,733,152
Nate Wieting,TE,Rookie/FA,216,216,0,734,153
KaVontae Turpin,WR,DAL,216,216,0,735,291
Mark Vital,TE,Rookie/FA,216,216,0,736,154
De'Quan Hampton,WR,Rookie/FA,216,216,0,737,292
Jirehl Brock,RB,Rookie/FA,216,216,0,738,198
Alinias Smith,WR,Rookie/FA,216,216,0,739,293
Blake Proehl,WR,MIN,216,216,0,740,294
Tavien Feaster,RB,Rookie/FA,216,216,0,741,199
Rashod Berry,TE,Rookie/FA,216,216,0,742,155
Ryan Becker,TE,Rookie/FA,216,216,0,743,156
Tommylee Lewis,WR,Rookie/FA,216,216,0,744,295
Paul Quessenberry,RB,Rookie/FA,216,216,0,745,200
Jordan Chunn,RB,Rookie/FA,216,216,0,746,201
Jalin Moore,RB,Rookie/FA,216,216,0,747,202
Ricky Ortiz,RB,Rookie/FA,216,216,0,748,203
Shane Zylstra,TE,DET,216,216,0,749,157
Gunner Olszewski,WR,PIT,216,216,0,750,296
Roger Carter,TE,LAR,216,216,0,751,158
Robert Griffin,QB,Rookie/FA,216,216,0,752,95
Lawrence Cager,TE,NYG,216,216,0,753,159
Ty Scott,WR,Rookie/FA,216,240,-24,754,297
Demond Demas,WR,Rookie/FA,216,216,0,755,298
Bisi Johnson,WR,MIN,216,216,0,756,299
Jake Lampman,WR,Rookie/FA,216,216,0,757,300
Kenji Bahar,QB,Rookie/FA,216,216,0,758,96
Graham Adomitis,TE,Rookie/FA,216,216,0,759,160
Chris Streveler,QB,NYJ,216,216,0,760,97
Konata Mumpfield,WR,Rookie/FA,216,216,0,761,301
Miles Boykin,WR,PIT,216,216,0,762,302
Slade Bolden,WR,Rookie/FA,216,216,0,763,303
Isaiah Davis,RB,Rookie/FA,216,216,0,764,204
Kaden Davis,WR,Rookie/FA,216,216,0,765,304
Irvin Charles,WR,NYJ,216,216,0,766,305
Jarek Broussard,RB,Rookie/FA,216,216,0,767,205
John Brown,WR,Rookie/FA,216,216,0,768,306
Travis Fulgham,WR,Rookie/FA,216,216,0,769,307
Matt Moore,QB,Rookie/FA,216,216,0,770,98
Jake Burt,TE,Rookie/FA,216,216,0,771,161
Avery Williams,RB,ATL,216,216,0,772,206
Matt Seybert,TE,Rookie/FA,216,216,0,773,162
Daniel Crawford,TE,Rookie/FA,216,216,0,774,163
Isaiah Weston,WR,CLE,216,216,0,775,308
D.J. Montgomery,WR,Rookie/FA,216,216,0,776,309
Devine Ozigbo,RB,Rookie/FA,216,216,0,777,207
Kekoa Crawford,WR,Rookie/FA,216,216,0,778,310
Mike Thomas,WR,BAL,216,216,0,779,311
Corey Coleman,WR,Rookie/FA,216,216,0,780,312
Kalen Ballage,RB,Rookie/FA,216,216,0,781,208
JoJo Natson,WR,Rookie/FA,216,216,0,782,313
Lynn Bowden,WR,NE,216,216,0,783,314
Jaeden Graham,TE,Rookie/FA,216,216,0,784,164
Jay Cutler,QB,Rookie/FA,216,216,0,785,99
Jadon Haselwood,WR,Rookie/FA,216,216,0,786,315
Josh Pederson,TE,Rookie/FA,216,216,0,787,165
John Franklin,WR,Rookie/FA,216,216,0,788,316
Ryan Izzo,TE,Rookie/FA,216,216,0,789,166
Luke McCown,QB,Rookie/FA,216,216,0,790,100
James Proche,WR,BAL,216,216,0,791,317
Chad Beebe,WR,Rookie/FA,216,216,0,792,318
Ty Montgomery,WR,NE,216,216,0,793,319
Bruno Labelle,TE,Rookie/FA,216,216,0,794,167
Deon Cain,WR,Rookie/FA,216,216,0,795,320
Jalen Camp,WR,HOU,216,216,0,796,321
Tim Tebow,TE,Rookie/FA,216,216,0,797,168
Rodney Anderson,RB,Rookie/FA,216,216,0,798,209
Shawn Poindexter,WR,Rookie/FA,216,216,0,799,322
Ricky Person,RB,Rookie/FA,216,216,0,800,210
Wendell Smallwood,RB,Rookie/FA,216,216,0,801,211
Austin Carr,WR,Rookie/FA,216,216,0,802,323
Nick Vannett,TE,NYG,216,216,0,803,169
Tre Nixon,WR,NE,216,216,0,804,324
Trace McSorley,QB,ARI,216,216,0,805,101
Tyler Shough,QB,Rookie/FA,216,216,0,806,102
Dylan Parham,TE,Rookie/FA,216,216,0,807,170
Matt Schaub,QB,Rookie/FA,216,216,0,808,103
Geremy Davis,WR,Rookie/FA,216,216,0,809,325
Drew Stanton,QB,Rookie/FA,216,216,0,810,104
Dwayne Harris,WR,Rookie/FA,216,216,0,811,326
Austin Trammell,WR,LAR,216,216,0,812,327
Cornell Powell,WR,KC,216,216,0,813,328
Tyson Bagent,QB,Rookie/FA,216,216,0,814,105
Alex Ellis,TE,Rookie/FA,216,216,0,815,171
Devon Allen,WR,PHI,216,240,-24,816,329
James O'Shaughnessy,TE,Rookie/FA,216,216,0,817,172
Artavis Scott,WR,Rookie/FA,216,216,0,818,330
Tyler Eifert,TE,Rookie/FA,216,216,0,819,173
Golden Tate,WR,Rookie/FA,216,216,0,820,331
Grayson Gunter,TE,Rookie/FA,216,216,0,821,174
Todd Gurley,RB,Rookie/FA,216,216,0,822,212
Michael Warren,RB,Rookie/FA,216,216,0,823,213
Adrian Killins,RB,Rookie/FA,216,216,0,824,214
Trey Burton,TE,Rookie/FA,216,216,0,825,175
Nate Sudfeld,QB,DET,216,216,0,826,106
Aidan OConnell,QB,Rookie/FA,216,216,0,827,107
Albert Wilson,WR,LV,216,216,0,828,332
Alex McGough,QB,Rookie/FA,216,216,0,829,108
Paul Perkins,RB,Rookie/FA,216,216,0,830,215
Ryan Willis,QB,Rookie/FA,216,216,0,831,109
EJ Williams,WR,Rookie/FA,216,216,0,832,333
Cade Johnson,WR,SEA,216,216,0,833,334
Jaylon Moore,WR,JAX,216,216,0,834,335
Jahleel Billingsley,TE,Rookie/FA,216,216,0,835,176
Taiwan Jones,RB,BUF,216,216,0,836,216
Jase McClellan,RB,Rookie/FA,216,216,0,837,217
Andrew Beck,RB,DEN,216,216,0,838,218
Mike Glennon,QB,Rookie/FA,216,216,0,839,110
Jake Haener,QB,Rookie/FA,216,240,-24,840,111
Ra'Shaun Henry,WR,ATL,216,216,0,841,336
Corey Sutton,WR,Rookie/FA,216,216,0,842,337
Bug Howard,TE,Rookie/FA,216,216,0,843,177
Deuce Watts,WR,Rookie/FA,216,216,0,844,338
Simi Fehoko,WR,DAL,216,216,0,845,339
Nate McCrary,RB,CLE,216,216,0,846,219
Lew Nichols,RB,Rookie/FA,216,216,0,847,220
Calvin Jackson,WR,Rookie/FA,216,216,0,848,340
Connor Wedington,WR,SEA,216,216,0,849,341
Stephen Sullivan,TE,CAR,216,216,0,850,178
Johnny Holton,WR,Rookie/FA,216,216,0,851,342
Erik Ezukanma,WR,MIA,216,240,-24,852,343
Allen Hurns,WR,Rookie/FA,216,216,0,853,344
Reggie Davis,WR,Rookie/FA,216,216,0,854,345
Peyton Barber,RB,Rookie/FA,216,216,0,855,221
Josh McCown,QB,Rookie/FA,216,216,0,856,112
Jeff Cotton,WR,GB,216,216,0,857,346
Drew Sample,TE,CIN,216,216,0,858,179
Payne Durham,TE,Rookie/FA,216,216,0,859,180
Marcell Ateman,WR,Rookie/FA,216,216,0,860,347
Tylan Wallace,WR,BAL,216,216,0,861,348
Joshua Perkins,TE,Rookie/FA,216,216,0,862,181
Dalyn Dawkins,RB,Rookie/FA,216,216,0,863,222
Damarea Crockett,RB,DEN,216,216,0,864,223
Antonio Williams,RB,Rookie/FA,216,216,0,865,224
Thomas Odukoya,TE,TEN,216,216,0,866,182
Jester Weah,WR,Rookie/FA,216,216,0,867,349
Jadakis Bonds,WR,Rookie/FA,216,216,0,868,350
Justin Hall,WR,Rookie/FA,216,216,0,869,351
Spencer Ware,RB,Rookie/FA,216,216,0,870,225
Justin Watson,WR,KC,216,216,0,871,352
Leddie Brown,RB,Rookie/FA,216,216,0,872,226
Ben Beise,TE,Rookie/FA,216,216,0,873,183
Jake Hausmann,TE,Rookie/FA,216,216,0,874,184
Giovanni Ricci,TE,CAR,216,216,0,875,185
Tommy Hudson,TE,Rookie/FA,216,216,0,876,186
Chris Manhertz,TE,JAX,216,216,0,877,187
Danny Amendola,WR,Rookie/FA,216,216,0,878,353
Alex Smith,QB,Rookie/FA,216,216,0,879,113
Godwin Igwebuike,RB,SEA,216,216,0,880,227
Tyreik McAllister,RB,DEN,216,216,0,881,228
Elijah Higgins,WR,Rookie/FA,216,216,0,882,354
Marqise Lee,WR,Rookie/FA,216,216,0,883,355
Devontres Dukes,WR,Rookie/FA,216,216,0,884,356
Philip Rivers,QB,Rookie/FA,216,216,0,885,114
Tre' McKitty,TE,LAC,216,216,0,886,188
Tyshaun James,WR,Rookie/FA,216,216,0,887,357
Travis Jonsen,WR,Rookie/FA,216,216,0,888,358
Alec Ingold,RB,MIA,216,216,0,889,229
Isaac Whitney,WR,Rookie/FA,216,216,0,890,359
Andre Roberts,WR,CAR,216,216,0,891,360
Kearis Jackson,WR,Rookie/FA,216,216,0,892,361
Matt Bushman,TE,KC,216,216,0,893,189
Equanimeous St. Brown,WR,CHI,216,239.9,-23.9,894,362
Tarik Cohen,RB,Rookie/FA,216,216,0,895,230
Keshunn Abram,WR,Rookie/FA,216,216,0,896,363
Justin Hardy,WR,Rookie/FA,216,216,0,897,364
Ryan Fitzpatrick,QB,Rookie/FA,216,216,0,898,115
Matt Slater,WR,NE,216,216,0,899,365
Nick Keizer,TE,Rookie/FA,216,216,0,900,190
Darvin Kidsy,WR,Rookie/FA,216,216,0,901,366
David Fluellen,RB,Rookie/FA,216,216,0,902,231
Austin Watkins,WR,Rookie/FA,216,216,0,903,367
Jaleel Scott,WR,Rookie/FA,216,216,0,904,368
Jacob Eason,QB,CAR,216,216,0,905,116
T.J. Simmons,WR,Rookie/FA,216,216,0,906,369
Payton Thorne,QB,Rookie/FA,216,216,0,907,117
Danny Etling,QB,GB,216,216,0,908,118
Jared Scott,TE,Rookie/FA,216,216,0,909,191
Zach Heins,TE,Rookie/FA,216,216,0,910,192
Cheyenne O'Grady,TE,Rookie/FA,216,216,0,911,193
Montrell Washington,WR,DEN,216,216,0,912,370
Patrick Carr,RB,Rookie/FA,216,216,0,913,232
Carson Williams,TE,Rookie/FA,216,216,0,914,194
Dontay Demus,WR,Rookie/FA,216,216,0,915,371
Drew Estrada,WR,HOU,216,216,0,916,372
Sutton Smith,RB,Rookie/FA,216,216,0,917,233
Tyler Davis,TE,GB,216,216,0,918,195
Manasseh Bailey,WR,Rookie/FA,216,216,0,919,373
Tyler Simmons,WR,Rookie/FA,216,216,0,920,374
Corey Clement,RB,ARI,216,216,0,921,234
Brenden Knox,RB,Rookie/FA,216,216,0,922,235
D.J. Foster,RB,Rookie/FA,216,216,0,923,236
Eric Tomlinson,TE,DEN,216,216,0,924,196
Frank Gore,RB,Rookie/FA,216,216,0,925,237
Tyrell Williams,WR,Rookie/FA,216,216,0,926,375
Julian Edelman,WR,Rookie/FA,216,216,0,927,376
Isaiah Zuber,WR,LV,216,216,0,928,377
Sincere McCormick,RB,LV,216,240,-24,929,238
Zander Horvath,RB,LAC,216,216,0,930,239
Jordan Ta'amu,QB,Rookie/FA,216,216,0,931,119
Kevin Hogan,QB,Rookie/FA,216,216,0,932,120
Deven Thompkins,WR,TB,216,216,0,933,378
Josh Rosen,QB,Rookie/FA,216,216,0,934,121
Stevie Scott,RB,Rookie/FA,216,216,0,935,240
KJ Hill,WR,Rookie/FA,216,216,0,936,379
EJ Smith,RB,Rookie/FA,216,216,0,937,241
Josh Vann,WR,Rookie/FA,216,216,0,938,380
Dareke Young,WR,SEA,216,216,0,939,381
Cody White,WR,PIT,216,216,0,940,382
Landen Akers,WR,Rookie/FA,216,216,0,941,383
Brian Hoyer,QB,NE,216,216,0,942,122
Sony Michel,RB,Rookie/FA,216,216,0,943,242
Osirus Mitchell,WR,Rookie/FA,216,216,0,944,384
Elijah McGuire,RB,Rookie/FA,216,216,0,945,243
C.J. Prosise,RB,Rookie/FA,216,216,0,946,244
Shane Buechele,QB,KC,216,216,0,947,123
Jack Stoll,TE,PHI,216,216,0,948,197
Trejan Bridges,WR,Rookie/FA,216,216,0,949,385
La'Mical Perine,RB,KC,216,216,0,950,245
Diontae Spencer,WR,NYJ,216,216,0,951,386
Nakia Griffin-Stewart,TE,Rookie/FA,216,216,0,952,198
Jequez Ezzard,WR,Rookie/FA,216,216,0,953,387
Stone Smartt,TE,LAC,216,216,0,954,199
Nick Foles,QB,IND,216,216,0,955,124
De'Lance Turner,RB,Rookie/FA,216,216,0,956,246
Briley Moore,TE,Rookie/FA,216,216,0,957,200
Nathan Cottrell,RB,Rookie/FA,216,216,0,958,247
Josh Babicz,TE,Rookie/FA,216,216,0,959,201
Julian Fleming,WR,Rookie/FA,216,216,0,960,388
Chris Myarick,RB,NYG,216,216,0,961,248
Armani Rogers,TE,WAS,216,216,0,962,202
Jhamon Ausbon,WR,Rookie/FA,216,216,0,963,389
Amara Darboh,WR,Rookie/FA,216,216,0,964,390
Drew Brees,QB,Rookie/FA,216,216,0,965,125
Scooter Harrington,TE,Rookie/FA,216,216,0,966,203
Dontayvion Wicks,WR,Rookie/FA,216,216,0,967,391
Britain Covey,WR,PHI,216,216,0,968,392
JaTarvious Whitlow,RB,Rookie/FA,216,216,0,969,249
Josh Love,QB,Rookie/FA,216,216,0,970,126
Grant Calcaterra,TE,PHI,216,216,0,971,204
Kevin Marks,RB,Rookie/FA,216,216,0,972,250
Jake Bargas,RB,MIA,216,216,0,973,251
Rysen John,TE,Rookie/FA,216,216,0,974,205
Davion Davis,WR,Rookie/FA,216,216,0,975,393
Josh Malone,WR,Rookie/FA,216,216,0,976,394
Josh Whyle,TE,Rookie/FA,216,216,0,977,206
Duke Williams,WR,Rookie/FA,216,216,0,978,395
Dede Westbrook,WR,Rookie/FA,216,216,0,979,396
D'Vonte Price,RB,IND,216,216,0,980,252
Brandon Powell,WR,LAR,216,216,0,981,397
Josh Ali,WR,ATL,216,216,0,982,398
Taywan Taylor,WR,Rookie/FA,216,216,0,983,399
Brian Lewerke,QB,Rookie/FA,216,216,0,984,127
Chase Harrell,TE,Rookie/FA,216,216,0,985,207
Cole Fotheringham,TE,LV,216,216,0,986,208
Jalen Berger,RB,Rookie/FA,216,216,0,987,253
Nick Muse,TE,MIN,216,216,0,988,209
Hunter Luepke,RB,Rookie/FA,216,216,0,989,254
Patrick Taylor,RB,GB,216,216,0,990,255
Xavier Gipson,WR,Rookie/FA,216,216,0,991,400
Cethan Carter,TE,MIA,216,216,0,992,210
Johnnie Dixon,WR,Rookie/FA,216,216,0,993,401
Mike Davis,RB,Rookie/FA,216,216,0,994,256
Kevin White,WR,NO,216,216,0,995,402
Jeff Heuerman,TE,Rookie/FA,216,216,0,996,211
Cam Sutton,TE,Rookie/FA,216,216,0,997,212
Bruce Miller,RB,Rookie/FA,216,216,0,998,257
Brian Hill,RB,Rookie/FA,216,216,0,999,258
Theo Riddick,RB,Rookie/FA,216,216,0,1000,259
Tyler Van Dyke,QB,Rookie/FA,216,216,0,1001,128
John Hurst,WR,Rookie/FA,216,216,0,1002,403
Isaiah Ford,WR,Rookie/FA,216,216,0,1003,404
Mike Boone,RB,DEN,216,240,-24,1004,260
Branden Mack,WR,Rookie/FA,216,216,0,1005,405
Jacob Dolegala,QB,Rookie/FA,216,216,0,1006,129
Khari Lee,TE,Rookie/FA,216,216,0,1007,213
Benny Snell,RB,PIT,216,216,0,1008,261
Andrew Vollert,TE,Rookie/FA,216,216,0,1009,214
Chris Rowland,WR,Rookie/FA,216,216,0,1010,406
JoJo Ward,WR,Rookie/FA,216,216,0,1011,407
Christian Blake,WR,Rookie/FA,216,216,0,1012,408
Collin Johnson,WR,NYG,216,216,0,1013,409
Ishmael Hyman,WR,Rookie/FA,216,216,0,1014,410
K.J. Costello,QB,Rookie/FA,216,216,0,1015,130
Trinity Benson,WR,DET,216,216,0,1016,411
Nsimba Webster,WR,CHI,216,216,0,1017,412
Sean Clifford,QB,Rookie/FA,216,216,0,1018,131
Mataeo Durant,RB,Rookie/FA,216,216,0,1019,262
Matt Barkley,QB,BUF,216,216,0,1020,132
Marken Michel,WR,WAS,216,216,0,1021,413
Drew Plitt,QB,Rookie/FA,216,216,0,1022,133
Devontae Booker,RB,Rookie/FA,216,216,0,1023,263
Seth Roberts,WR,Rookie/FA,216,216,0,1024,414
Danny Davis,WR,Rookie/FA,216,216,0,1025,415
C.J. Ham,RB,MIN,216,216,0,1026,264
Trevon Bradford,WR,Rookie/FA,216,216,0,1027,416
Christian Wade,RB,Rookie/FA,216,216,0,1028,265
Michael Pratt,QB,Rookie/FA,216,216,0,1029,134
Devlin Hodges,QB,Rookie/FA,216,216,0,1030,135
Bailey Gaither,WR,Rookie/FA,216,216,0,1031,417
Kyle Markway,TE,Rookie/FA,216,216,0,1032,215
John Ross,WR,Rookie/FA,216,240,-24,1033,418
Trevor Siemian,QB,CHI,216,216,0,1034,136
Alshon Jeffery,WR,Rookie/FA,216,216,0,1035,419
Michael Young,WR,Rookie/FA,216,216,0,1036,420
Dwayne Haskins,QB,Rookie/FA,216,216,0,1037,137
Garrett Groshek,RB,Rookie/FA,216,216,0,1038,266
Ito Smith,RB,Rookie/FA,216,216,0,1039,267
Trent Taylor,WR,CIN,216,216,0,1040,421
Jaron Brown,WR,Rookie/FA,216,216,0,1041,422
Travis Toivonen,WR,Rookie/FA,216,216,0,1042,423
Keric Wheatfall,WR,Rookie/FA,216,216,0,1043,424
Joe Reed,WR,CHI,216,216,0,1044,425
Connor Heyward,TE,PIT,216,216,0,1045,216
Marcus Green,WR,Rookie/FA,216,216,0,1046,426
Greg Ward,WR,PHI,216,216,0,1047,427
DaeSean Hamilton,WR,Rookie/FA,216,216,0,1048,428
Tajae Sharpe,WR,Rookie/FA,216,216,0,1049,429
TJ Tampa,WR,Rookie/FA,216,216,0,1050,430
Easop Winston,WR,SEA,216,216,0,1051,431
Dan Vitale,RB,Rookie/FA,216,216,0,1052,268
Deon Yelder,TE,Rookie/FA,216,216,0,1053,217
Cameron Scarlett,RB,Rookie/FA,216,216,0,1054,269
Tarik Black,WR,Rookie/FA,216,216,0,1055,432
Jacob Breeland,TE,Rookie/FA,216,216,0,1056,218
Stanley Berryhill,WR,DET,216,216,0,1057,433
CJ Verdell,RB,Rookie/FA,216,216,0,1058,270
Cody Core,WR,Rookie/FA,216,216,0,1059,434
Derek Carrier,TE,Rookie/FA,216,216,0,1060,219
Damon Hazelton,WR,Rookie/FA,216,216,0,1061,435
Malcolm Perry,WR,Rookie/FA,216,216,0,1062,436
Dalton Keene,TE,Rookie/FA,216,216,0,1063,220
Makai Polk,WR,Rookie/FA,216,216,0,1064,437
Kevin Kassis,WR,Rookie/FA,216,216,0,1065,438
Ross Dwelley,TE,SF,216,240,-24,1066,221
Garrett Gilbert,QB,NE,216,216,0,1067,138
Dion Lewis,RB,Rookie/FA,216,216,0,1068,271
Andy Janovich,RB,Rookie/FA,216,216,0,1069,272
Taquan Mizzell,RB,Rookie/FA,216,216,0,1070,273
Antoine Winfield,WR,Rookie/FA,216,216,0,1071,439
Alex Collins,RB,Rookie/FA,216,216,0,1072,274
C.J. Board,WR,TEN,216,216,0,1073,440
Jason Witten,TE,Rookie/FA,216,216,0,1074,222
Donte Moncrief,WR,Rookie/FA,216,216,0,1075,441
Devonta Freeman,RB,Rookie/FA,216,216,0,1076,275
Keilahn Harris,WR,Rookie/FA,216,216,0,1077,442
Davis Allen,TE,Rookie/FA,216,216,0,1078,223
Reid Sinnett,QB,Rookie/FA,216,216,0,1079,139
Dee Wiggins,WR,Rookie/FA,216,216,0,1080,443
Nick Bowers,TE,CIN,216,216,0,1081,224
Josh Ferguson,RB,Rookie/FA,216,216,0,1082,276
Racey McMath,WR,TEN,216,216,0,1083,444
Willie Johnson,WR,Rookie/FA,216,216,0,1084,445
Ian Bunting,TE,DAL,216,216,0,1085,225
Jaelon Darden,WR,CLE,216,216,0,1086,446
Jake Kumerow,WR,BUF,216,216,0,1087,447
Stephen Carlson,TE,Rookie/FA,216,216,0,1088,226
BJ Baylor,RB,ATL,216,216,0,1089,277
Devin Asiasi,TE,CIN,216,240,-24,1090,227
Riley Ridley,WR,Rookie/FA,216,216,0,1091,448
Adam Shaheen,TE,MIA,216,216,0,1092,228
Luke Stocker,TE,Rookie/FA,216,216,0,1093,229
KhaDarel Hodge,WR,ATL,216,216,0,1094,449
Jeremy Ruckert,TE,NYJ,216,216,0,1095,230
Javon Wims,WR,ARI,216,216,0,1096,450
Johnny Mundt,TE,MIN,216,216,0,1097,231
David Wells,TE,TB,216,216,0,1098,232
Raleigh Webb,WR,NE,216,216,0,1099,451
Tyler Bray,QB,Rookie/FA,216,216,0,1100,140
Kerryon Johnson,RB,Rookie/FA,216,216,0,1101,278
Chad Williams,WR,Rookie/FA,216,216,0,1102,452
Kameron Brown,WR,Rookie/FA,216,216,0,1103,453
Seth DeValve,TE,Rookie/FA,216,216,0,1104,233
Chase Garbers,QB,LV,216,216,0,1105,141
Shemar Bridges,WR,BAL,216,216,0,1106,454
Nick Boyle,TE,Rookie/FA,216,216,0,1107,234
Jalen Wayne,WR,Rookie/FA,216,216,0,1108,455
Ben Koyack,TE,Rookie/FA,216,216,0,1109,235
Kalija Lipscomb,WR,Rookie/FA,216,216,0,1110,456
Chandler Cox,RB,Rookie/FA,216,216,0,1111,279
Tyler Johnson,WR,LV,216,216,0,1112,457
Braylon Sanders,WR,MIA,216,216,0,1113,458
Kahale Warring,TE,Rookie/FA,216,216,0,1114,236
Tucker Fisk,TE,ATL,216,216,0,1115,237
Adrian Peterson,RB,Rookie/FA,216,216,0,1116,280
Tyler Gaffney,RB,Rookie/FA,216,216,0,1117,281
Trenton Cannon,RB,TEN,216,216,0,1118,282
Darius Clark,RB,Rookie/FA,216,216,0,1119,283
Jaylon Robinson,WR,Rookie/FA,216,216,0,1120,459
Hunter Kampmoyer,TE,LAC,216,216,0,1121,238
Tory Carter,RB,Rookie/FA,216,216,0,1122,284
Mike Harley,WR,CLE,216,216,0,1123,460
Cole Kelley,QB,Rookie/FA,216,216,0,1124,142
Tevin Jones,WR,Rookie/FA,216,216,0,1125,461
Geronimo Allison,WR,Rookie/FA,216,216,0,1126,462
Tony Jones,RB,SEA,216,216,0,1127,285
Quincy Adeboyejo,WR,Rookie/FA,216,216,0,1128,463
Steven Mitchell,WR,Rookie/FA,216,216,0,1129,464
Chris Hogan,WR,Rookie/FA,216,216,0,1130,465
Warren Jackson,WR,Rookie/FA,216,216,0,1131,466
Delanie Walker,TE,Rookie/FA,216,216,0,1132,239
Jack Doyle,TE,Rookie/FA,216,216,0,1133,240
Darrell Daniels,TE,Rookie/FA,216,216,0,1134,241
Phillip Lindsay,RB,Rookie/FA,216,216,0,1135,286
Eric Ebron,TE,Rookie/FA,216,216,0,1136,242
Kalil Pimpleton,WR,NYG,216,216,0,1137,467
Shaun Beyer,TE,Rookie/FA,216,216,0,1138,243
Shaun Shivers,RB,Rookie/FA,216,216,0,1139,287
Andrew Parchment,WR,Rookie/FA,216,216,0,1140,468
Dominique Dafney,TE,TB,216,216,0,1141,244
LeSean McCoy,RB,Rookie/FA,216,216,0,1142,288
Ko Kieft,TE,TB,216,216,0,1143,245
Eric Dungey,QB,Rookie/FA,216,216,0,1144,143
Khalil Tate,WR,Rookie/FA,216,216,0,1145,469
J.J. Nelson,WR,Rookie/FA,216,216,0,1146,470
De'Montre Tuggle,RB,Rookie/FA,216,216,0,1147,289
Artayvious Lynn,TE,Rookie/FA,216,216,0,1148,246
Jerell Adams,TE,Rookie/FA,216,216,0,1149,247
Cole Wick,TE,Rookie/FA,216,216,0,1150,248
Lujuan Winningham,WR,Rookie/FA,216,216,0,1151,471
Kwamie Lassiter,WR,CIN,216,216,0,1152,472
Josh Pearson,WR,Rookie/FA,216,216,0,1153,473
Mohamed Sanu,WR,Rookie/FA,216,216,0,1154,474
Adam Humphries,WR,Rookie/FA,216,216,0,1155,475
Max Borghi,RB,Rookie/FA,216,216,0,1156,290
Derrius Guice,RB,Rookie/FA,216,216,0,1157,291
Abram Smith,RB,Rookie/FA,216,216,0,1158,292
Hunter Bryant,TE,Rookie/FA,216,216,0,1159,249
Javorius Allen,RB,Rookie/FA,216,216,0,1160,293
Troy Hairston,RB,HOU,216,216,0,1161,294
T.J. Pledger,RB,Rookie/FA,216,216,0,1162,295
Binjimen Victor,WR,Rookie/FA,216,216,0,1163,476
Greg Bell,RB,Rookie/FA,216,216,0,1164,296
Pete Guerriero,RB,Rookie/FA,216,216,0,1165,297
Cam Sims,WR,WAS,216,216,0,1166,477
Nick Guggemos,TE,GB,216,216,0,1167,250
Jacob Hollister,TE,Rookie/FA,216,216,0,1168,251
Troy Fumagalli,TE,Rookie/FA,216,216,0,1169,252
Jason Croom,TE,Rookie/FA,216,216,0,1170,253
Aca'Cedric Ware,RB,Rookie/FA,216,216,0,1171,298
Dylan Soehner,TE,Rookie/FA,216,216,0,1172,254
Artavis Pierce,RB,Rookie/FA,216,216,0,1173,299
Kylin Hill,RB,Rookie/FA,216,216,0,1174,300
SaRodorick Thompson,RB,Rookie/FA,216,216,0,1175,301
Farrod Green,TE,Rookie/FA,216,216,0,1176,255
Leonard Taylor,TE,Rookie/FA,216,216,0,1177,256
Logan Woodside,QB,ATL,216,216,0,1178,144
Joseph Ngata,WR,Rookie/FA,216,216,0,1179,478
Fred Brown,WR,Rookie/FA,216,216,0,1180,479
Damion Willis,WR,Rookie/FA,216,216,0,1181,480
Johnny Johnson,WR,HOU,216,216,0,1182,481
Josh Hammond,WR,Rookie/FA,216,216,0,1183,482
Cornelius Johnson,WR,Rookie/FA,216,216,0,1184,483
Reggie Roberson,WR,TEN,216,216,0,1185,484
Mathew Sexton,WR,Rookie/FA,216,216,0,1186,485
Le'Veon Bell,RB,Rookie/FA,216,216,0,1187,302
Zakhari Franklin,WR,Rookie/FA,216,216,0,1188,486
Noah Cain,RB,Rookie/FA,216,216,0,1189,303
Tony Brooks-James,RB,Rookie/FA,216,216,0,1190,304
Rodney Williams,TE,PIT,216,216,0,1191,257
Kendall Blanton,TE,KC,216,216,0,1192,258
Brandon Allen,QB,CIN,216,216,0,1193,145
ZaQuandre White,RB,Rookie/FA,216,216,0,1194,305
Malik Henry,WR,Rookie/FA,216,216,0,1195,487
Aaron Fuller,WR,Rookie/FA,216,216,0,1196,488
Maurice Alexander,WR,DET,216,216,0,1197,489
DJ Turner,WR,LV,216,239.8,-23.8,1198,490
Blaine Gabbert,QB,TB,216,216,0,1199,146
Chris Oladokun,QB,KC,216,216,0,1200,147
James Morgan,QB,ARI,216,216,0,1201,148
Kaylon Geiger,WR,TB,216,216,0,1202,491
Whop Philyor,WR,Rookie/FA,216,216,0,1203,492
JaVonta Payton,WR,Rookie/FA,216,216,0,1204,493
Gerrid Doaks,RB,HOU,216,216,0,1205,306
Caleb Scott,WR,Rookie/FA,216,216,0,1206,494
Lee Smith,TE,Rookie/FA,216,216,0,1207,259
Rico Dowdle,RB,DAL,216,216,0,1208,307
Steven Montez,QB,DET,216,216,0,1209,149
E.J. Perry,QB,JAX,216,216,0,1210,150
Antonio Gandy-Golden,WR,Rookie/FA,216,216,0,1211,495
Emmanuel Sanders,WR,Rookie/FA,216,216,0,1212,496
Dontrelle Inman,WR,Rookie/FA,216,216,0,1213,497
Preston Williams,WR,CAR,216,216,0,1214,498
Kristian Wilkerson,WR,Rookie/FA,216,216,0,1215,499
Kyric McGowan,WR,WAS,216,216,0,1216,500
Vance McDonald,TE,Rookie/FA,216,216,0,1217,260
Brandon Peters,QB,Rookie/FA,216,216,0,1218,151
Aaron Parker,WR,Rookie/FA,216,216,0,1219,501
Robert Davis,WR,Rookie/FA,216,216,0,1220,502
Tavion Thomas,RB,Rookie/FA,216,216,0,1221,308
Isaiah Coulter,WR,ARI,216,216,0,1222,503
Jalen McCleskey,WR,Rookie/FA,216,216,0,1223,504
Bo Nix,QB,Rookie/FA,216,216,0,1224,152
Keith Kirkwood,WR,NO,216,216,0,1225,505
Thomas Ives,WR,Rookie/FA,216,216,0,1226,506
Sage Surratt,TE,Rookie/FA,216,216,0,1227,261
Darrius Shepherd,WR,Rookie/FA,216,216,0,1228,507
Johnny Wilson,WR,Rookie/FA,216,216,0,1229,508
Jaivon Heiligh,WR,Rookie/FA,216,216,0,1230,509
Leroy Watson,TE,SF,216,216,0,1231,262
Brenton Strange,TE,Rookie/FA,216,216,0,1232,263
Brandon Johnson,WR,DEN,216,216,0,1233,510
Travis Vokolek,TE,Rookie/FA,216,216,0,1234,264
Jordan Scarlett,RB,Rookie/FA,216,216,0,1235,309
Brandon Thomas,RB,Rookie/FA,216,216,0,1236,310
DeAndre Torrey,RB,Rookie/FA,216,216,0,1237,311
Mitchell Tinsley,WR,Rookie/FA,216,216,0,1238,511
Antonio Brown,WR,Rookie/FA,216,216,0,1239,512
Michael Jacobson,TE,Rookie/FA,216,216,0,1240,265
Blake Jarwin,TE,Rookie/FA,216,216,0,1241,266
John Emery,RB,Rookie/FA,216,216,0,1242,312
Michael Roberts,TE,Rookie/FA,216,216,0,1243,267
Stephen Guidry,WR,Rookie/FA,216,216,0,1244,513
Josh Hokit,RB,Rookie/FA,216,216,0,1245,313
Taulia Tagovailoa,QB,Rookie/FA,216,216,0,1246,153
Tyree Jackson,TE,PHI,216,216,0,1247,268
Kellen Mond,QB,CLE,216,216,0,1248,154
Ross Travis,TE,Rookie/FA,216,216,0,1249,269
Anthony McFarland,RB,PIT,216,216,0,1250,314
Colin Kaepernick,QB,Rookie/FA,216,216,0,1251,155
Mason Kinsey,WR,TEN,216,216,0,1252,514
Juwan Green,WR,Rookie/FA,216,216,0,1253,515
Kamari Averett,TE,Rookie/FA,216,216,0,1254,270
Spencer Brown,RB,CAR,216,216,0,1255,315
AJ McCarron,QB,Rookie/FA,216,216,0,1256,156
Roman Wilson,WR,Rookie/FA,216,216,0,1257,516
Josh Imatorbhebhe,WR,Rookie/FA,216,216,0,1258,517
B.J. Emmons,RB,Rookie/FA,216,216,0,1259,316
Neil Pau'u,WR,Rookie/FA,216,216,0,1260,518
Jared Pinkney,TE,LAR,216,216,0,1261,271
Matt Sokol,TE,NE,216,216,0,1262,272
Javian Hawkins,RB,Rookie/FA,216,216,0,1263,317
Trishton Jackson,WR,MIN,216,216,0,1264,519
Jason Huntley,RB,PIT,216,216,0,1265,318
MyCole Pruitt,TE,ATL,216,216,0,1266,273
Kyle Sloter,QB,Rookie/FA,216,216,0,1267,157
Jake Bobo,WR,Rookie/FA,216,216,0,1268,520
Anthony Johnson,WR,Rookie/FA,216,216,0,1269,521
Kevin Rader,TE,TEN,216,216,0,1270,274
Sammis Reyes,TE,Rookie/FA,216,216,0,1271,275
Alex Armah,RB,WAS,216,216,0,1272,319
Dominick Wood-Anderson,TE,Rookie/FA,216,216,0,1273,276
Michael Dereus,WR,Rookie/FA,216,216,0,1274,522
Stetson Bennett,QB,Rookie/FA,216,216,0,1275,158
David Fales,QB,Rookie/FA,216,216,0,1276,159
Michael Bandy,WR,LAC,216,216,0,1277,523
Reece Horn,WR,Rookie/FA,216,216,0,1278,524
Jalen Richard,RB,Rookie/FA,216,216,0,1279,320
Mekhi Sargent,RB,JAX,216,216,0,1280,321
Tyrone Swoopes,TE,Rookie/FA,216,216,0,1281,277
Jerreth Sterns,WR,LAR,216,216,0,1282,525
Dezmon Patmon,WR,BUF,216,216,0,1283,526
Daniel Brown,TE,Rookie/FA,216,216,0,1284,278
Blake Bell,TE,KC,216,216,0,1285,279
Ricky Seals-Jones,TE,Rookie/FA,216,216,0,1286,280
Dylan Cantrell,TE,Rookie/FA,216,216,0,1287,281
Sam James,WR,Rookie/FA,216,216,0,1288,527
Jake Browning,QB,CIN,216,216,0,1289,160
Darren Fells,TE,Rookie/FA,216,216,0,1290,282
Jake Funk,RB,IND,216,216,0,1291,322
Ventell Bryant,WR,Rookie/FA,216,216,0,1292,528
Charlie Woerner,TE,SF,216,216,0,1293,283
Adam Prentice,RB,NO,216,216,0,1294,323
Antonio Callaway,WR,DAL,216,216,0,1295,529
Auden Tate,WR,ARI,216,216,0,1296,530
Dre Miller,TE,NYG,216,216,0,1297,284
Dare Ogunbowale,RB,HOU,216,216,0,1298,324
Hunter Thedford,TE,Rookie/FA,216,216,0,1299,285
Tay Martin,WR,SF,216,216,0,1300,531
Jontre Kirklin,WR,Rookie/FA,216,216,0,1301,532
Baylor Cupp,TE,Rookie/FA,216,216,0,1302,286
Victor Bolden,WR,DEN,216,216,0,1303,533
Frank Ladson,WR,Rookie/FA,216,216,0,1304,534
Andrew Ogletree,TE,IND,216,216,0,1305,287
J.J. Taylor,RB,NE,216,216,0,1306,325
Case Cookus,QB,LAR,216,216,0,1307,161
Rico Bussey,WR,Rookie/FA,216,216,0,1308,535
Reggie Bonnafon,RB,WAS,216,216,0,1309,326
Deontay Burnett,WR,Rookie/FA,216,216,0,1310,536
David Moore,WR,Rookie/FA,216,216,0,1311,537
Erik Krommenhoek,TE,Rookie/FA,216,216,0,1312,288
A.J. Rose,RB,Rookie/FA,216,216,0,1313,327
Clive Walford,TE,Rookie/FA,216,216,0,1314,289
Hale Hentges,TE,Rookie/FA,216,216,0,1315,290
Chase Allen,TE,CHI,216,216,0,1316,291
Tom Kennedy,WR,DET,216,216,0,1317,538
Dexter Williams,RB,Rookie/FA,216,216,0,1318,328
Kelvin Harmon,WR,Rookie/FA,216,216,0,1319,539
Tanner Gentry,WR,Rookie/FA,216,216,0,1320,540
Josh Gordon,WR,Rookie/FA,216,216,0,1321,541
Marcus Baugh,TE,Rookie/FA,216,216,0,1322,292
Darwin Thompson,RB,SEA,216,216,0,1323,329
Freddie Swain,WR,DEN,216,216,0,1324,542
Will Mallory,TE,Rookie/FA,216,216,0,1325,293
Larry Fitzgerald,WR,Rookie/FA,216,216,0,1326,543
Jalen Hurd,WR,Rookie/FA,216,216,0,1327,544
A.J. Richardson,WR,Rookie/FA,216,216,0,1328,545
Eli Wolf,TE,Rookie/FA,216,216,0,1329,294
Devin Smith,WR,Rookie/FA,216,216,0,1330,546
Isaiah McKoy,WR,Rookie/FA,216,216,0,1331,547
Juwann Winfree,WR,Rookie/FA,216,216,0,1332,548
Derek Wright,WR,CAR,216,216,0,1333,549
Chase Daniel,QB,LAC,216,216,0,1334,162
Nate Becker,TE,Rookie/FA,216,216,0,1335,295
Evan Baylis,TE,Rookie/FA,216,216,0,1336,296
Max Duggan,QB,Rookie/FA,216,216,0,1337,163
Teagan Quitoriano,TE,HOU,216,216,0,1338,297
Charlie Taumoepeau,TE,Rookie/FA,216,216,0,1339,298
Noah Gindorff,TE,Rookie/FA,216,216,0,1340,299
Matt LaCosse,TE,Rookie/FA,216,216,0,1341,300
Gee Scott,TE,Rookie/FA,216,216,0,1342,301
Troy Omeire,WR,Rookie/FA,216,216,0,1343,550
Jordan Reed,TE,Rookie/FA,216,216,0,1344,302
Zach Davidson,TE,BUF,216,216,0,1345,303
Kyle Rudolph,TE,TB,216,216,0,1346,304
Jack Coan,QB,Rookie/FA,216,216,0,1347,164
Tevin Coleman,RB,SF,216,216,0,1348,330
Emeka Emezie,WR,ATL,216,216,0,1349,551
Cole Hikutini,TE,Rookie/FA,216,216,0,1350,305
Patrick Ricard,RB,BAL,216,216,0,1351,331
Derius Davis,WR,Rookie/FA,216,216,0,1352,552
Michael Burton,RB,KC,216,216,0,1353,332
Tanner Conner,TE,MIA,216,216,0,1354,306
Xavier Williams,WR,Rookie/FA,216,216,0,1355,553
Frank Darby,WR,ATL,216,216,0,1356,554
Tyrie Cleveland,WR,PHI,216,216,0,1357,555
Cameron Latu,TE,Rookie/FA,216,216,0,1358,307
Willie Snead,WR,SF,216,216,0,1359,556
Jace Sternberger,TE,Rookie/FA,216,216,0,1360,308
Xavier Jones,RB,Rookie/FA,216,216,0,1361,333
Ryan McDaniel,WR,Rookie/FA,216,216,0,1362,557
JJ Howland,TE,Rookie/FA,216,216,0,1363,309
Brett Rypien,QB,DEN,216,216,0,1364,165
Rome Odunze,WR,Rookie/FA,216,216,0,1365,558
Bryce Love,RB,Rookie/FA,216,216,0,1366,334
Devin Funchess,TE,Rookie/FA,216,216,0,1367,310
Blake Bortles,QB,Rookie/FA,216,216,0,1368,166
Jacques Patrick,RB,Rookie/FA,216,216,0,1369,335
Feleipe Franks,TE,ATL,216,216,0,1370,311
Jerome Ford,RB,CLE,216.3,221.1,-4.8,1371,336
Rashee Rice,WR,Rookie/FA,218.1,219,-0.9,1372,559
Baker Mayfield,QB,LAR,220.1,217.4,2.7,1373,167
Desmond Ridder,QB,ATL,220.5,222.9,-2.4,1374,168
Darnell Washington,TE,Rookie/FA,221.2,216.7,4.5,1375,312
Will Levis,QB,Rookie/FA,221.6,218.6,3,1376,169
Isaiah McKenzie,WR,BUF,222.2,226.1,-3.9,1377,560
Clyde Edwards-Helaire,RB,KC,222.3,221.2,1.1,1378,337
Allen Robinson,WR,LAR,222.8,217.9,4.9,1379,561
Gus Edwards,RB,BAL,225.1,228.9,-3.8,1380,338
Cedric Tillman,WR,Rookie/FA,225.2,225.6,-0.4,1381,562
Irv Smith,TE,MIN,225.3,239.6,-14.3,1382,313
Hunter Henry,TE,NE,226.1,217.4,8.7,1383,314
D'Ernest Johnson,RB,CLE,226.2,238.1,-11.9,1384,339
Zach Ertz,TE,ARI,227.3,226.3,1,1385,315
Corey Davis,WR,NYJ,229.1,224.4,4.7,1386,563
Ronald Jones,RB,KC,230.2,235.8,-5.6,1387,340
Cade Otton,TE,TB,230.3,228.6,1.7,1388,316
Russell Gage,WR,TB,231.6,233.2,-1.6,1389,564
DeWayne McBride,RB,Rookie/FA,231.9,231.1,0.8,1390,341
Austin Hooper,TE,TEN,232.1,239.3,-7.2,1391,317
Greg Dortch,WR,ARI,232.5,232.3,0.2,1392,565
Joshua Kelley,RB,LAC,232.7,228.8,3.9,1393,342
DeVante Parker,WR,NE,233.1,231.4,1.7,1394,566
Mack Hollins,WR,LV,233.7,235.9,-2.2,1395,567
Pierre Strong,RB,NE,234.7,229.6,5.1,1396,343
Zamir White,RB,LV,235.3,233.8,1.5,1397,344
Devin Duvernay,WR,BAL,236.2,233.5,2.7,1398,568
Laviska Shenault,WR,CAR,236.3,227.4,8.9,1399,569
Tyler Scott,WR,Rookie/FA,236.5,237.6,-1.1,1400,570
Evan Hull,RB,Rookie/FA,237,237.6,-0.6,1401,345
Braxton Berrios,WR,NYJ,237.3,237.4,-0.1,1402,571
Sam LaPorta,TE,Rookie/FA,237.4,237.4,0,1403,318
Boston Scott,RB,PHI,237.4,237.6,-0.2,1404,346
Jacoby Brissett,QB,CLE,237.5,236.3,1.2,1405,170
Nathaniel Dell,WR,Rookie/FA,237.5,238,-0.5,1406,572
Nelson Agholor,WR,NE,237.6,216,21.6,1407,573
Jayden Reed,WR,Rookie/FA,237.7,238.9,-1.2,1408,574
Justyn Ross,WR,KC,237.8,238.6,-0.8,1409,575
Luke Musgrave,TE,Rookie/FA,237.9,236.4,1.5,1410,319
Gardner Minshew,QB,PHI,238.1,237.3,0.8,1411,171
Isaiah Spiller,RB,LAC,238.1,235.7,2.4,1412,347
Malik Davis,RB,DAL,238.3,238,0.3,1413,348
Albert Okwuegbunam,TE,DEN,238.3,238.9,-0.6,1414,320
Mike White,QB,NYJ,238.4,237.5,0.9,1415,172
Hassan Haskins,RB,TEN,238.4,238.3,0.1,1416,349
AT Perry,WR,Rookie/FA,238.4,239.1,-0.7,1417,576
Chase Edmonds,RB,DEN,238.5,237.3,1.2,1418,350
Kyren Williams,RB,LAR,238.5,237.5,1,1419,351
Bryce Ford-Wheaton,WR,Rookie/FA,238.5,239.2,-0.7,1420,577
Trent Sherfield,WR,MIA,238.6,237.7,0.9,1421,578
Deuce Vaughn,RB,Rookie/FA,238.7,237.8,0.9,1422,352
Sterling Shepard,WR,Rookie/FA,238.7,236.5,2.2,1423,579
Tutu Atwell,WR,LAR,238.8,238.6,0.2,1424,580
Quez Watkins,WR,PHI,239,238.9,0.1,1425,581
Daniel Bellinger,TE,NYG,239,238.8,0.2,1426,321
O.J. Howard,TE,HOU,239.1,239.1,0,1427,322
Calvin Austin,WR,PIT,239.1,239.3,-0.2,1428,582
Trey Palmer,WR,Rookie/FA,239.2,239.1,0.1,1429,583
Richie James,WR,NYG,239.2,236.6,2.6,1430,584
Zonovan Knight,RB,NYJ,239.3,239.5,-0.2,1431,353
Tyler Huntley,QB,BAL,239.3,239.7,-0.4,1432,173
Chris Evans,RB,CIN,239.3,239.3,0,1433,354
Peyton Hendershot,TE,DAL,239.3,239.7,-0.4,1434,323
Ty Chandler,RB,MIN,239.4,239.3,0.1,1435,355
Hendon Hooker,QB,Rookie/FA,239.4,239.9,-0.5,1436,174
Kenny McIntosh,RB,Rookie/FA,239.4,239,0.4,1437,356
Kyle Philips,WR,TEN,239.4,239.6,-0.2,1438,585
Sam Darnold,QB,CAR,239.4,239.6,-0.2,1439,175
Nyheim Hines,RB,BUF,239.4,239.5,-0.1,1440,357
Marquez Callaway,WR,NO,239.5,216,23.5,1441,586
Brock Wright,TE,DET,239.5,239.6,-0.1,1442,324
Robert Tonyan,TE,GB,239.5,238.9,0.6,1443,325
KJ Hamler,WR,DEN,239.5,236.8,2.7,1444,587
Donald Parham,TE,LAC,239.5,239.2,0.3,1445,326
Eric Gray,RB,Rookie/FA,239.5,239.7,-0.2,1446,358
JaMycal Hasty,RB,JAX,239.6,238.6,1,1447,359
Parker Washington,WR,Rookie/FA,239.6,239.8,-0.2,1448,588
Xavier Hutchinson,WR,Rookie/FA,239.6,239.6,0,1449,589
Jacob Copeland,WR,Rookie/FA,239.6,240,-0.4,1450,590
David Bell,WR,CLE,239.6,234.2,5.4,1451,591
Noah Gray,TE,KC,239.7,239.4,0.3,1452,327
Jamal Agnew,WR,JAX,239.7,239.8,-0.1,1453,592
Marquise Goodwin,WR,SEA,239.7,216,23.7,1454,593
Jauan Jennings,WR,SF,239.7,239.2,0.5,1455,594
Trey Sermon,RB,PHI,239.7,240,-0.3,1456,360
Keaton Mitchell,RB,Rookie/FA,239.7,239.5,0.2,1457,361
Jonathan Mingo,WR,Rookie/FA,239.7,239.7,0,1458,595
Deon Jackson,RB,IND,239.8,239.8,0,1459,362
Latavius Murray,RB,DEN,239.8,239.5,0.3,1460,363
Zack Kuntz,TE,Rookie/FA,239.8,239.8,0,1461,328
Kendrick Bourne,WR,NE,239.8,239.5,0.3,1462,596
Malik Willis,QB,TEN,239.8,239.7,0.1,1463,176
Taylor Heinicke,QB,WAS,239.8,239.6,0.2,1464,177
Noah Brown,WR,DAL,239.8,239.3,0.5,1465,597
Marvin Jones,WR,JAX,239.8,216,23.8,1466,598
Zack Moss,RB,IND,239.8,239.8,0,1467,364
Jordan Mason,RB,SF,239.8,239.9,-0.1,1468,365
Marcus Mariota,QB,ATL,239.8,239.9,-0.1,1469,178
Logan Thomas,TE,WAS,239.8,239.4,0.4,1470,329
Keaontay Ingram,RB,ARI,239.8,239.8,0,1471,366
Josh Reynolds,WR,DET,239.8,239.8,0,1472,599
Puka Nacua,WR,Rookie/FA,239.8,239.9,-0.1,1473,600
DeAndre Carter,WR,LAC,239.8,239.9,-0.1,1474,601
Jalen Tolbert,WR,DAL,239.8,240,-0.2,1475,602
Matt Breida,RB,NYG,239.8,239.6,0.2,1476,367
Kyle Trask,QB,TB,239.9,239.9,0,1477,179
Deneric Prince,RB,Rookie/FA,239.9,239.9,0,1478,368
Jarrett Stidham,QB,LV,239.9,240,-0.1,1479,180
C.J. Uzomah,TE,NYJ,239.9,239.8,0.1,1480,330
Andrei Iosivas,WR,Rookie/FA,239.9,239.9,0,1481,603
Eno Benjamin,RB,NO,239.9,240,-0.1,1482,369
Kevin Harris,RB,NE,239.9,240,-0.1,1483,370
Jonnu Smith,TE,NE,239.9,239.9,0,1484,331
Samori Toure,WR,GB,239.9,239.9,0,1485,604
Zaire Mitchell-Paden,TE,CLE,239.9,216,23.9,1486,332
Kalif Raymond,WR,DET,239.9,239.9,0,1487,605
Justin Shorter,WR,Rookie/FA,239.9,216,23.9,1488,606
Tiyon Evans,RB,Rookie/FA,239.9,216,23.9,1489,371
Josiah Deguara,TE,GB,239.9,240,-0.1,1490,333
Tre'Quan Smith,WR,NO,239.9,240,-0.1,1491,607
Colby Parkinson,TE,SEA,239.9,239.8,0.1,1492,334
Andy Dalton,QB,NO,239.9,239.9,0,1493,181
Ashton Dulin,WR,IND,239.9,239.8,0.1,1494,608
Jalen Nailor,WR,MIN,239.9,239.9,0,1495,609
Jamison Crowder,WR,BUF,239.9,216,23.9,1496,610
Jalen Reagor,WR,MIN,239.9,240,-0.1,1497,611
Trenton Irwin,WR,CIN,239.9,239.8,0.1,1498,612
Foster Moreau,TE,LV,239.9,234.6,5.3,1499,335
Chris Rodriguez,RB,Rookie/FA,239.9,239.9,0,1500,372
Ben Skowronek,WR,LAR,239.9,240,-0.1,1501,613
Nick Westbrook-Ikhine,WR,TEN,239.9,239.9,0,1502,614
Jameis Winston,QB,NO,239.9,239.9,0,1503,182
DeeJay Dallas,RB,SEA,239.9,239.9,0,1504,373
Justice Hill,RB,BAL,239.9,216,23.9,1505,374
Mark Ingram,RB,NO,239.9,216,23.9,1506,375
William Fuller,WR,Rookie/FA,239.9,216,23.9,1507,615
Jordan Akins,TE,HOU,240,239.9,0.1,1508,336
Mohamed Ibrahim,RB,Rookie/FA,240,239.8,0.2,1509,376
Danny Gray,WR,SF,240,239.9,0.1,1510,616
Jody Fortson,TE,KC,240,240,0,1511,337
Tyrion Davis-Price,RB,SF,240,216,24,1512,377
Shi Smith,WR,CAR,240,239.7,0.3,1513,617
Will Dissly,TE,SEA,240,240,0,1514,338
Rakim Jarrett,WR,Rookie/FA,240,240,0,1515,618
PJ Walker,QB,CAR,240,239.9,0.1,1516,183
Charlie Jones,WR,Rookie/FA,240,239.9,0.1,1517,619
Jarvis Landry,WR,NO,240,239.9,0.1,1518,620
Kylen Granson,TE,IND,240,216,24,1519,339
Kene Nwangwu,RB,MIN,240,216,24,1520,378
Ty Johnson,RB,NYJ,240,216,24,1521,379
Cam Newton,QB,Rookie/FA,240,240,0,1522,184
Tucker Kraft,TE,Rookie/FA,240,240,0,1523,340
Tom Brady,QB,Rookie/FA,240,239.9,0.1,1524,185
Davis Mills,QB,HOU,240,216,24,1525,186
Colt McCoy,QB,ARI,240,240,0,1526,187
Ray-Ray McCloud,WR,SF,240,216,24,1527,621
Julio Jones,WR,TB,240,240,0,1528,622
Mo Alie-Cox,TE,IND,240,216,24,1529,341
Josh Oliver,TE,BAL,240,240,0,1530,342
Bailey Zappe,QB,NE,240,216,24,1531,188
Craig Reynolds,RB,DET,240,216,24,1532,380
Denzel Mims,WR,NYJ,240,240,0,1533,623
Dyami Brown,WR,WAS,240,239.9,0.1,1534,624
Scotty Miller,WR,TB,240,216,24,1535,625
James Mitchell,TE,DET,240,216,24,1536,343
Trayveon Williams,RB,CIN,240,239.9,0.1,1537,381
Velus Jones,WR,CHI,240,239.9,0.1,1538,626
Cooper Rush,QB,DAL,240,239.9,0.1,1539,189
Raheem Blackshear,RB,CAR,240,216,24,1540,382
Cedrick Wilson,WR,MIA,240,216,24,1541,627
Kenny Golladay,WR,NYG,240,239.9,0.1,1542,628
Jaren Hall,QB,Rookie/FA,240,216,24,1543,190
Travis Dye,RB,Rookie/FA,240,240,0,1544,383
Luke Schoonmaker,TE,Rookie/FA,240,216,24,1545,344
Jared Wayne,WR,Rookie/FA,240,216,24,1546,629
CJ Johnson,WR,Rookie/FA,240,240,0,1547,630
Clayton Tune,QB,Rookie/FA,240,216,24,1548,191
Travis Homer,RB,SEA,240,216,24,1549,384
Ke'Shawn Vaughn,RB,TB,240,216,24,1550,385
N'Keal Harry,WR,CHI,240,216,24,1551,631
Zach Wilson,QB,NYJ,240,216,24,1552,192
Tyler Badie,RB,DEN,240,216,24,1553,386
Cole Beasley,WR,BUF,240,216,24,1554,632
David Blough,QB,ARI,240,216,24,1555,193
Michael Jefferson,WR,Rookie/FA,240,216,24,1556,633
Bryan Edwards,WR,Rookie/FA,240,216,24,1557,634
Jacob Cowing,WR,Rookie/FA,240,240,0,1558,635
