Rank,Player,Team,Bye,POS,ESPN,RTSports,MFL,Fantrax,FFC,Sleeper,AVG
1,Jonathan Taylor,IND,14,RB1,1,1,,1,,1,1
2,Christian McCaffrey,CAR,13,RB2,2,2,,4,,2,3
3,Austin Ekeler,LAC,8,RB3,4,3,,2,,4,3
4,Cooper Kupp,LAR,7,WR1,3,6,,3,,5,4.2
5,Derrick Henry,TEN,6,RB4,5,7,,6,,3,4.8
6,Justin Jefferson,MIN,7,WR2,6,4,,5,,6,5.4
7,Najee Harris,PIT,9,RB5,8,5,,7,,9,7.6
8,Dalvin Cook,MIN,7,RB6,9,8,,8,,7,7.8
9,Ja'Marr Chase,CIN,10,WR3,7,9,,9,,8,8.6
10,Joe Mixon,CIN,10,RB7,14,11,,10,,10,10.6
11,Davante Adams,LV,6,WR4,10,14,,11,,11,11.4
12,Stefon Diggs,BUF,7,WR5,13,12,,12,,12,12.4
13,Travis Kelce,KC,8,TE1,17,17,,13,,13,14.4
14,D'Andre Swift,DET,6,RB8,15,10,,14,,14,15
15,Alvin Kamara,NO,14,RB9,11,13,,20,,18,16
16,Deebo Samuel,SF,9,WR6,12,19,,16,,20,16.6
17,Nick Chubb,CLE,9,RB10,26,18,,17,,15,18.2
18,CeeDee Lamb,DAL,9,WR7,18,21,,18,,16,19.2
19,Tyreek Hill,MIA,11,WR8,16,23,,23,,17,19.8
20,Aaron Jones,GB,14,RB11,22,22,,19,,19,20.2
21,Javonte Williams,DEN,9,RB12,23,16,,15,,24,20.8
22,Mark Andrews,BAL,10,TE2,20,25,,21,,23,21.2
23,Josh Allen,BUF,7,QB1,21,26,,26,,22,21.8
24,Saquon Barkley,NYG,9,RB13,27,15,,24,,21,22.4
25,Leonard Fournette,TB,11,RB14,19,20,,22,,25,23.2
26,Mike Evans,TB,11,WR9,28,28,,25,,27,27.2
27,Keenan Allen,LAC,8,WR10,24,32,,28,,28,28.6
28,A.J. Brown,PHI,7,WR11,33,31,,29,,26,29.6
29,Ezekiel Elliott,DAL,9,RB15,38,24,,35,,29,30
30,James Conner,ARI,13,RB16,25,27,,31,,31,30.8
31,Patrick Mahomes II,KC,8,QB2,29,39,,41,,32,32.4
32,Tee Higgins,CIN,10,WR12,30,37,,30,,33,33.4
33,Kyle Pitts,ATL,14,TE3,34,36,,34,,30,33.8
34,David Montgomery,CHI,14,RB17,41,34,,33,,38,35.6
35,Justin Herbert,LAC,8,QB3,36,40,,43,,34,36
36,Cam Akers,LAR,7,RB18,32,29,,27,,35,37
37,Michael Pittman Jr.,IND,14,WR13,31,33,,38,,39,37.8
38,Diontae Johnson,PIT,9,WR14,40,49,,36,,41,41.4
39,George Kittle,SF,9,TE4,43,48,,47,,36,41.6
40,Jaylen Waddle,MIA,11,WR15,39,52,,32,,43,41.8
41,Terry McLaurin,WAS,14,WR16,37,47,,44,,37,41.8
42,Travis Etienne Jr.,JAC,11,RB19,51,30,,40,,42,44
43,DJ Moore,CAR,13,WR17,35,41,,42,,45,44.2
44,Darren Waller,LV,6,TE5,42,50,,49,,40,44.6
45,DK Metcalf,SEA,11,WR18,46,54,,46,,47,45.8
46,Josh Jacobs,LV,6,RB20,53,43,,39,,48,45.8
47,Lamar Jackson,BAL,10,QB4,44,53,,53,,46,47
48,Elijah Mitchell,SF,9,RB21,65,42,,48,,55,51
49,Mike Williams,LAC,8,WR19,45,44,,45,,52,51.6
50,J.K. Dobbins,BAL,10,RB22,47,35,,80,,54,52.6
51,Breece Hall,NYJ,10,RB23,48,38,,37,,44,53
52,Antonio Gibson,WAS,14,RB24,59,51,,77,,50,54
53,Brandin Cooks,HOU,6,WR20,50,56,,51,,62,54
54,Kyler Murray,ARI,13,QB5,54,70,,68,,57,57.4
55,Chris Godwin,TB,11,WR21,60,60,,55,,63,58.2
56,Dalton Schultz,DAL,9,TE6,57,59,,67,,56,60
57,Joe Burrow,CIN,10,QB6,72,72,,64,,53,62
58,Courtland Sutton,DEN,9,WR22,55,46,,59,,51,62.6
59,Amari Cooper,CLE,9,WR23,67,83,,56,,58,62.8
60,Jalen Hurts,PHI,7,QB7,56,74,,73,,66,64.8
61,Jerry Jeudy,DEN,9,WR24,49,81,,61,,49,65.2
62,Marquise Brown,ARI,13,WR25,52,64,,50,,60,65.2
63,Amon-Ra St. Brown,DET,6,WR26,58,55,,52,,67,65.2
64,T.J. Hockenson,DET,6,TE7,64,78,,71,,61,66.8
65,Clyde Edwards-Helaire,KC,8,RB25,80,69,,62,,65,67
66,AJ Dillon,GB,14,RB26,94,45,,54,,68,67.2
67,Adam Thielen,MIN,7,WR27,73,67,,70,,70,68.6
68,Darnell Mooney,CHI,14,WR28,61,57,,58,,71,68.8
69,Allen Robinson II,LAR,7,WR29,74,58,,63,,59,69.4
70,Damien Harris,NE,10,RB27,90,85,,57,,75,72.6
71,Miles Sanders,PHI,7,RB28,77,68,,74,,72,75.2
72,Gabriel Davis,BUF,7,WR30,62,66,,60,,81,75.4
73,Dallas Goedert,PHI,7,TE8,79,86,,87,,74,76
74,Dak Prescott,DAL,9,QB8,68,80,,78,,88,76.4
75,Michael Thomas,NO,14,WR31,63,62,,75,,64,77
76,Hunter Renfrow,LV,6,WR32,75,99,,66,,86,79.4
77,Cordarrelle Patterson,ATL,14,RB29,83,76,,69,,83,79.8
78,Tom Brady,TB,11,QB9,69,91,,90,,78,80.4
79,JuJu Smith-Schuster,KC,8,WR33,76,71,,72,,69,80.6
80,Russell Wilson,DEN,9,QB10,78,93,,83,,73,81.4
81,Devin Singletary,BUF,7,RB30,71,65,,76,,91,81.6
82,Kareem Hunt,CLE,9,RB31,82,79,,84,,79,83.2
83,Elijah Moore,NYJ,10,WR34,97,89,,65,,90,83.4
84,Aaron Rodgers,GB,14,QB11,66,104,,104,,92,83.6
85,Tony Pollard,DAL,9,RB32,91,61,,86,,85,83.6
86,DeAndre Hopkins,ARI,13,WR35,95,84,,105,,77,85.2
87,DeVonta Smith,PHI,7,WR36,85,94,,79,,87,86.8
88,Rashaad Penny,SEA,11,RB33,107,73,,85,,93,87.2
89,Tyler Lockett,SEA,11,WR37,86,109,,82,,97,87.6
90,Zach Ertz,ARI,13,TE9,87,96,,96,,84,89
91,Matthew Stafford,LAR,7,QB12,93,101,,93,,98,90.4
92,Rashod Bateman,BAL,10,WR38,84,82,,81,,76,91.8
93,Chase Edmonds,MIA,11,RB34,105,63,,88,,94,93.2
94,Brandon Aiyuk,SF,9,WR39,103,98,,91,,95,94
95,Drake London,ATL,14,WR40,89,100,,92,,82,96.2
96,Dawson Knox,BUF,7,TE10,115,106,,111,,89,98.8
97,Robert Woods,TEN,6,WR41,116,95,,99,,106,101.4
98,Trey Lance,SF,9,QB13,101,103,,103,,102,102.4
99,Melvin Gordon III,DEN,9,RB35,123,87,,101,,103,104
100,Ken Walker III,SEA,11,RB36,121,90,,89,,80,105.6
101,Christian Kirk,JAC,11,WR42,104,102,,97,,107,106
102,Buffalo Bills,DST,7,DST1,70,135,,135,,123,106.4
103,Rhamondre Stevenson,NE,10,RB37,98,75,,95,,105,108.2
104,Chase Claypool,PIT,9,WR43,109,122,,106,,110,109.6
105,Justin Tucker,BAL,10,K1,81,148,,138,,122,111
106,Derek Carr,LV,6,QB14,113,107,,114,,111,111.8
107,Allen Lazard,GB,14,WR44,96,88,,116,,99,112.8
108,James Robinson,JAC,11,RB38,119,97,,124,,116,113
109,Michael Carter,NYJ,10,RB39,136,110,,100,,115,113
110,Pat Freiermuth,PIT,9,TE11,110,111,,144,,104,115.2
111,Mike Gesicki,MIA,11,TE12,99,141,,120,,109,115.8
112,Chris Olave,NO,14,WR45,114,108,,108,,101,116.2
113,Treylon Burks,TEN,6,WR46,134,112,,98,,96,118.4
114,Tampa Bay Buccaneers,DST,11,DST2,111,138,,150,,126,121.2
115,James Cook,BUF,7,RB40,118,92,,119,,100,121.2
116,Kadarius Toney,NYG,9,WR47,100,113,,107,,112,121.4
117,Kirk Cousins,MIN,7,QB15,126,118,,112,,121,121.4
118,Garrett Wilson,NYJ,10,WR48,112,153,,110,,108,124.6
119,Alexander Mattison,MIN,7,RB41,158,119,,113,,119,127.6
120,Russell Gage,TB,11,WR49,139,128,,102,,134,130.4
121,Tyler Boyd,CIN,10,WR50,129,137,,117,,118,131
122,Dameon Pierce,HOU,6,RB42,125,77,,139,,114,131.2
123,Dallas Cowboys,DST,9,DST3,127,175,,123,,138,131.8
124,New Orleans Saints,DST,14,DST4,88,172,,153,,135,133
125,Evan McPherson,CIN,10,K2,92,157,,176,,124,134.2
126,Harrison Butker,KC,8,K3,120,171,,170,,127,135.6
127,Daniel Carlson,LV,6,K4,122,154,,163,,130,136
128,Darrell Henderson Jr.,LAR,7,RB43,175,116,,115,,147,136.2
129,Cole Kmet,CHI,14,TE13,132,115,,126,,117,136.4
130,Indianapolis Colts,DST,14,DST5,133,147,,182,,158,138
131,San Francisco 49ers,DST,9,DST6,117,144,,215,,131,138.8
132,Tua Tagovailoa,MIA,11,QB16,142,139,,125,,146,139.8
133,Justin Fields,CHI,14,QB17,153,145,,122,,151,141.6
134,Skyy Moore,KC,8,WR51,130,121,,140,,113,142.8
135,Nyheim Hines,IND,14,RB44,137,114,,129,,142,143.6
136,Los Angeles Rams,DST,7,DST7,155,159,,214,,125,146.4
137,DJ Chark Jr.,DET,6,WR52,160,133,,146,,177,147
138,Marquez Valdes-Scantling,KC,8,WR53,131,168,,130,,137,148
139,Matt Gay,LAR,7,K5,106,170,,211,,132,148.6
140,Jakobi Meyers,NE,10,WR54,128,136,,137,,165,150.8
141,Tyler Bass,BUF,7,K6,141,166,,233,,136,152
142,Raheem Mostert,MIA,11,RB45,152,124,,162,,190,152.2
143,George Pickens,PIT,9,WR55,147,120,,196,,133,152.6
144,J.D. McKissic,WAS,14,RB46,151,126,,131,,172,152.6
145,Hunter Henry,NE,10,TE14,124,131,,249,,144,154.2
146,Trevor Lawrence,JAC,11,QB18,144,150,,133,,167,155
147,Jarvis Landry,NO,14,WR56,145,143,,132,,143,155.2
148,DeVante Parker,NE,10,WR57,166,167,,145,,161,156.2
149,New England Patriots,DST,10,DST8,170,183,,143,,184,158.6
150,Los Angeles Chargers,DST,8,DST9,148,192,,184,,129,158.8
151,Michael Gallup,DAL,9,WR58,189,149,,178,,149,159.2
152,Kenny Golladay,NYG,9,WR59,135,158,,127,,168,160.8
153,Mecole Hardman,KC,8,WR60,164,174,,149,,179,160.8
154,Noah Fant,SEA,11,TE15,146,146,,198,,170,160.8
155,Irv Smith Jr.,MIN,7,TE16,161,134,,134,,152,161.8
156,Kenneth Gainwell,PHI,7,RB47,196,105,,136,,162,162.2
157,Matt Prater,ARI,13,K7,154,186,,227,,140,163.8
158,Brian Robinson Jr.,WAS,14,RB48,178,127,,94,,164,164.8
159,Isaiah Spiller,LAC,8,RB49,182,129,,109,,139,165
160,Jamaal Williams,DET,6,RB50,167,132,,154,,188,165.4
161,David Njoku,CLE,9,TE17,156,176,,157,,171,165.8
162,Rondale Moore,ARI,13,WR61,187,165,,118,,150,167
163,Albert Okwuegbunam,DEN,9,TE18,190,169,,158,,120,168.4
164,Julio Jones,TB,11,WR62,157,163,,203,,141,168.4
165,Marlon Mack,HOU,6,RB51,168,156,,194,,169,168.4
166,Matt Ryan,IND,14,QB19,172,160,,165,,189,169.4
167,Ryan Tannehill,TEN,6,QB20,179,179,,141,,213,172.6
168,Green Bay Packers,DST,14,DST10,102,194,,289,,155,173
169,Baltimore Ravens,DST,10,DST11,108,253,,220,,128,174.2
170,Ronald Jones II,KC,8,RB52,,164,,121,,154,143.5
171,Jahan Dotson,WAS,14,WR63,150,155,,152,,163,176.4
172,Christian Watson,GB,14,WR64,207,199,,151,,145,176.8
173,Jameis Winston,NO,14,QB21,177,162,,183,,175,178
174,Deshaun Watson,CLE,9,QB22,186,189,,209,,173,178.2
175,Mac Jones,NE,10,QB23,173,209,,168,,187,178.6
176,Robert Tonyan,GB,14,TE19,206,152,,171,,193,179
177,Miami Dolphins,DST,11,DST12,171,203,,159,,243,180.6
178,Denver Broncos,DST,9,DST13,200,173,,197,,181,181.8
179,Evan Engram,JAC,11,TE20,188,191,,164,,205,182.2
180,Tyler Higbee,LAR,7,TE21,149,197,,281,,148,182.8
181,Tyler Allgeier,ATL,14,RB53,203,117,,155,,160,185
182,Gerald Everett,LAC,8,TE22,216,182,,177,,191,185.2
183,Khalil Herbert,CHI,14,RB54,219,130,,142,,178,185.6
184,Pittsburgh Steelers,DST,9,DST14,143,218,,242,,183,185.8
185,Mark Ingram II,NO,14,RB55,212,198,,193,,176,187.2
186,Jameson Williams,DET,6,WR65,218,208,,147,,166,188.6
187,Romeo Doubs,GB,14,WR66,199,140,,191,,182,192
188,Jalen Tolbert,DAL,9,WR67,180,161,,186,,174,192.2
189,Nick Folk,NE,10,K8,138,237,,323,,159,196.6
190,Younghoe Koo,ATL,14,K9,174,263,,376,,157,209.4
191,Brandon McManus,DEN,9,K10,140,215,,282,,156,195.6
192,Robbie Anderson,CAR,13,WR68,163,202,,175,,218,197.6
193,Rachaad White,TB,11,RB56,,125,,128,,153,175.5
194,Van Jefferson,LAR,7,WR69,224,297,,148,,204,201
195,Ryan Succop,TB,11,K11,194,224,,190,,,176.8
196,Marvin Jones Jr.,JAC,11,WR70,162,239,,167,,231,206
197,Joshua Palmer,LAC,8,WR71,165,195,,166,,214,207.6
198,Baker Mayfield,CAR,13,QB24,193,233,,213,,211,208.8
199,Kansas City Chiefs,DST,8,DST15,208,190,,202,,,186.3
200,Austin Hooper,TEN,6,TE23,195,222,,235,,200,212
201,Wil Lutz,NO,14,K12,211,212,,223,,208,212.2
202,Cleveland Browns,DST,9,DST16,181,211,,280,,206,213.6
203,Carson Wentz,WAS,14,QB25,184,216,,219,,240,214
204,Rodrigo Blankenship,IND,14,K13,210,271,,207,,185,216.4
205,Sammy Watkins,GB,14,WR72,225,261,,192,,192,217.4
206,Odell Beckham Jr.,,,WR73,204,184,,331,,195,224
207,Corey Davis,NYJ,10,WR74,,236,,156,,239,198.8
208,Hayden Hurst,CIN,10,TE24,183,201,,286,,198,221
209,Darrel Williams,ARI,13,RB57,,142,,161,,202,168.3
210,Kenyan Drake,,,RB58,,151,,205,,223,203
211,Isiah Pacheco,KC,8,RB59,201,,,174,,180,205.8
212,Philadelphia Eagles,DST,7,DST17,192,246,,348,,209,234.2
213,Jared Goff,DET,6,QB26,215,204,,241,,234,225.6
214,Robbie Gould,SF,9,K14,185,293,,356,,186,237.2
215,Tennessee Titans,DST,6,DST18,222,273,,228,,245,228
216,Chuba Hubbard,CAR,13,RB60,,200,,291,,194,211
217,D'Onta Foreman,CAR,13,RB61,,177,,173,,219,211
218,Dustin Hopkins,LAC,8,K15,221,214,,189,,,211.3
219,K.J. Osborn,MIN,7,WR75,,217,,188,,199,211.8
220,Cincinnati Bengals,DST,10,DST19,191,279,,259,,242,230
221,Nico Collins,HOU,6,WR76,223,187,,248,,197,213.8
222,Alec Pierce,IND,14,WR77,,188,,195,,196,214.3
223,Daniel Jones,NYG,9,QB27,202,181,,307,,228,233.4
224,Greg Joseph,MIN,7,K16,176,206,,292,,,215.8
225,Taysom Hill,NO,14,QB28,,225,,224,,220,216.5
226,Kenny Pickett,PIT,9,QB29,205,248,,284,,215,234
227,Isaiah McKenzie,BUF,7,WR78,,196,,210,,210,218.3
228,Myles Gaskin,MIA,11,RB62,,213,,216,,274,218.5
229,Zamir White,LV,6,RB63,,178,,212,,203,218.8
230,Cameron Brate,TB,11,TE25,,247,,208,,221,219.8
231,Tyrion Davis-Price,SF,9,RB64,,180,,200,,201,193.7
232,Gus Edwards,BAL,10,RB65,,219,,160,,207,195.3
233,Minnesota Vikings,DST,7,DST20,220,245,,231,,,222.8
234,Chris Boswell,PIT,9,K17,197,260,,326,,,232.3
235,Jamison Crowder,BUF,7,WR79,,277,,169,,222,228.3
236,Logan Thomas,WAS,14,TE26,,228,,277,,241,229
237,Davis Mills,HOU,6,QB30,,234,,181,,257,232.5
238,Kyle Rudolph,TB,11,TE27,209,252,,247,,244,246.2
239,Zach Wilson,NYJ,10,QB31,213,276,,337,,217,253.4
240,Sony Michel,MIA,11,RB66,,223,,172,,236,210.3
241,Jake Elliott,PHI,7,K18,198,251,,383,,,255.8
242,Donovan Peoples-Jones,CLE,9,WR80,,267,,217,,229,239.3
243,Cade York,CLE,9,K19,214,266,,229,,,240
244,Washington Commanders,DST,14,DST21,159,280,,355,,,255
245,Wan'Dale Robinson,NYG,9,WR81,,205,,250,,212,222.3
246,Kendrick Bourne,NE,10,WR82,,230,,304,,227,243.8
247,Jerick McKinnon,KC,8,RB67,,242,,308,,247,245.3
248,Hassan Haskins,TEN,6,RB68,,249,,201,,232,227.3
249,Las Vegas Raiders,DST,6,DST22,,,,185,,,192
250,Graham Gano,NYG,9,K20,169,,,366,,,254
251,A.J. Green,ARI,13,WR83,,289,,293,,226,252
252,Curtis Samuel,WAS,14,WR84,,275,,204,,230,236.3
253,D'Ernest Johnson,CLE,9,RB69,,241,,232,,261,252.5
254,C.J. Uzomah,NYJ,10,TE28,,,,245,,266,237.7
255,David Bell,CLE,9,WR85,,257,,221,,235,237.7
256,Carolina Panthers,DST,13,DST23,,281,,206,,,238.7
257,Parris Campbell,IND,14,WR86,,193,,315,,224,244
258,Chris Evans,CIN,10,RB70,,238,,240,,246,241.3
259,Mitch Trubisky,PIT,9,QB32,,227,,305,,259,257.5
260,Mason Crosby,GB,14,K21,226,,,368,,,264
261,Detroit Lions,DST,6,DST24,,,,180,,,216
262,Jeff Wilson Jr.,SF,9,RB71,,207,,225,,,216
263,Boston Scott,PHI,7,RB72,,229,,266,,262,258.5
264,New York Giants,DST,9,DST25,,,,179,,,217
265,KJ Hamler,DEN,9,WR87,,244,,275,,216,245
266,Mike Davis,BAL,10,RB73,,185,,253,,,219
267,Ameer Abdullah,LV,6,RB74,,210,,243,,,247
268,Dontrell Hilliard,TEN,6,RB75,,231,,268,,250,249.7
269,Trey Sermon,SF,9,RB76,,243,,265,,249,264
270,Damien Williams,ATL,14,RB77,,226,,230,,,228
271,Keaontay Ingram,ARI,13,RB78,,259,,239,,260,252.7
272,Jimmy Garoppolo,SF,9,QB33,,292,,246,,,253.3
273,Laviska Shenault Jr.,JAC,11,WR88,,270,,222,,268,253.3
274,Matt Breida,NYG,9,RB79,,235,,260,,270,255
275,Marcus Mariota,ATL,14,QB34,,264,,297,,251,267
276,Brevin Jordan,HOU,6,TE29,,269,,262,,237,256
277,Eno Benjamin,ARI,13,RB80,,220,,329,,248,265.7
278,Arizona Cardinals,DST,13,DST26,,291,,313,,,261.3
279,Devin Duvernay,BAL,10,WR89,,,,238,,238,238
280,Samaje Perine,CIN,10,RB81,,265,,258,,254,259
281,William Fuller V,,,WR90,,290,,226,,265,260.3
282,Randall Cobb,GB,14,WR91,,,,327,,255,269
283,New York Jets,DST,10,DST27,,,,218,,,241.5
284,Jonathan Garibay,,,K22,,,,199,,,243
285,Atlanta Falcons,DST,14,DST28,,,,187,,,187
286,Zack Moss,BUF,7,RB82,,268,,341,,,276.3
287,Randy Bullock,TEN,6,K23,,,,381,,,284
288,Jason Sanders,MIA,11,K24,,272,,299,,,263.3
289,Amari Rodgers,GB,14,WR92,,256,,236,,,246
290,Seattle Seahawks,DST,11,DST29,,,,251,,,246.5
291,Zay Jones,JAC,11,WR93,,240,,342,,253,278.3
292,Tyler Conklin,NYJ,10,TE30,,,,339,,256,277.7
293,Ke'Shawn Vaughn,TB,11,RB83,,232,,264,,,248
294,Marquez Callaway,NO,14,WR94,,,,256,,,248
295,Mo Alie-Cox,IND,14,TE31,,274,,273,,252,266.3
296,Chicago Bears,DST,14,DST30,,286,,385,,,298
297,Cedrick Wilson Jr.,MIA,11,WR95,,,,257,,,260
298,Quez Watkins,PHI,7,WR96,,250,,369,,,296.3
299,Braxton Berrios,NYJ,10,WR97,,221,,370,,,295.5
300,Byron Pringle,CHI,14,WR98,,287,,320,,273,286.8
301,Joey Slye,WAS,14,K25,,,,234,,,263.5
302,Tyler Badie,BAL,10,RB84,,278,,254,,,266
303,Jonnu Smith,NE,10,TE32,,,,301,,264,278
304,Cairo Santos,CHI,14,K26,,,,334,,,283
305,Terrace Marshall Jr.,CAR,13,WR99,,,,267,,267,267
306,Trey McBride,ARI,13,TE33,,,,278,,258,268
307,Jason Myers,SEA,11,K27,,,,,,,236
308,Rex Burkhead,HOU,6,RB85,,284,,359,,,298.7
309,Kyle Juszczyk,SF,9,RB86,,,,408,,,324.5
310,Olamide Zaccheaus,ATL,14,WR100,,,,244,,,244
311,Greg Zuerlein,NYJ,10,K28,,,,360,,,303.5
312,Jelani Woods,IND,14,TE34,,,,252,,,252
313,Austin Seibert,DET,6,K29,,,,,,,254
314,Ty Montgomery,NE,10,RB87,,254,,409,,,331.5
315,Joshua Kelley,LAC,8,RB88,,255,,399,,,327
316,Jaylen Warren,PIT,9,RB89,,258,,413,,,335.5
317,Phillip Lindsay,IND,14,RB90,,,,261,,,261
318,Jerome Ford,CLE,9,RB91,,262,,,,,262
319,Tyler Huntley,BAL,10,QB35,,,,263,,,263
320,Tyquan Thornton,NE,10,WR101,,,,309,,263,286
321,Zane Gonzalez,CAR,13,K30,,,,,,,264
322,Nelson Agholor,NE,10,WR102,,294,,350,,,305.3
323,Foster Moreau,LV,6,TE35,,,,294,,,284
324,Justyn Ross,KC,8,WR103,,,,269,,,269
325,Nick Westbrook-Ikhine,TEN,6,WR104,,,,387,,269,328
326,Jalen Guyton,LAC,8,WR105,,,,270,,,270
327,Adam Trautman,NO,14,TE36,,,,271,,,271
328,Bryan Edwards,ATL,14,WR106,,,,374,,271,322.5
329,Brandon Bolden,LV,6,RB92,,,,382,,,326.5
330,Abram Smith,NO,14,RB93,,,,272,,,272
331,John Metchie III,HOU,6,WR107,,,,418,,272,345
332,Drew Lock,SEA,11,QB36,,,,364,,,318.5
333,Sterling Shepard,NYG,9,WR108,,,,274,,,274
334,Rodney Adams,,,WR109,,,,,,275,275
335,Geno Smith,SEA,11,QB37,,,,276,,,276
336,Preston Williams,MIA,11,WR110,,,,,,276,276
337,Garrett Dickerson,,,TE37,,,,,,277,277
338,Gerrit Prince,JAC,11,TE38,,,,,,278,278
339,Tony Jones Jr.,NO,14,RB94,,,,279,,,279
340,Giovanni Ricci,CAR,13,TE39,,,,,,279,279
341,Ka'imi Fairbairn,HOU,6,K31,,,,,,,280
342,Germone Hopper,,,WR111,,,,,,280,280
343,Marcus Johnson,SF,9,WR112,,,,,,281,281
344,Pierre Strong Jr.,NE,10,RB95,,295,,287,,,291
345,O.J. Howard,BUF,7,TE40,,,,316,,,298.5
346,Benny Snell Jr.,PIT,9,RB96,,282,,398,,,340
347,Houston Texans,DST,6,DST31,,,,,,,283
348,James Washington,DAL,9,WR113,,,,283,,,283
349,Velus Jones Jr.,CHI,14,WR114,,283,,303,,,293
350,Jacksonville Jaguars,DST,11,DST32,,,,,,,284
351,Teddy Bridgewater,MIA,11,QB38,,,,,,,285
352,Kyle Philips,TEN,6,WR115,,,,285,,,285
353,Isaiah Likely,BAL,10,TE41,,285,,405,,,345
354,Blake Bell,KC,8,TE42,,,,,,,286
355,Jacoby Brissett,CLE,9,QB39,,,,288,,,288
356,Kyren Williams,LAR,7,RB97,,288,,306,,,297
357,Jauan Jennings,SF,9,WR116,,,,322,,,305.5
358,Demarcus Robinson,BAL,10,WR117,,,,290,,,290
359,Malik Willis,TEN,6,QB40,,,,325,,,308
360,Marcedes Lewis,GB,14,TE43,,,,,,,292
361,J.J. Taylor,NE,10,RB98,,,,,,,294
362,Cade Otton,TB,11,TE44,,,,295,,,295
363,Derrick Gore,KC,8,RB99,,,,378,,,336.5
364,Ricky Seals-Jones,NYG,9,TE45,,,,296,,,296
365,Quintez Cephus,DET,6,WR118,,296,,,,,296
366,DeeJay Dallas,SEA,11,RB100,,,,401,,,349
367,Desmond Ridder,ATL,14,QB41,,,,298,,,298
368,Calvin Austin III,PIT,9,WR119,,,,300,,,300
369,Tommy Tremble,CAR,13,TE46,,,,353,,,326.5
370,Daniel Bellinger,NYG,9,TE47,,,,302,,,302
371,Duke Johnson Jr.,BUF,7,RB101,,,,310,,,310
372,Josh Reynolds,DET,6,WR120,,,,311,,,311
373,Rashard Higgins,CAR,13,WR121,,,,312,,,312
374,Snoop Conner,JAC,11,RB102,,,,314,,,314
375,Jerrion Ealy,KC,8,RB103,,,,317,,,317
376,David Johnson,,,RB104,,,,318,,,318
377,Josiah Deguara,GB,14,TE48,,,,319,,,319
378,Antonio Brown,,,WR122,,,,321,,,321
379,Danny Gray,SF,9,WR123,,,,324,,,324
380,Cam Sims,WAS,14,WR124,,,,328,,,328
381,Jaelon Darden,TB,11,WR125,,,,330,,,330
382,Josh Gordon,KC,8,WR126,,,,332,,,332
383,N'Keal Harry,CHI,14,WR127,,,,333,,,333
384,Jalen Nailor,MIN,7,WR128,,,,335,,,335
385,James Proche II,BAL,10,WR129,,,,336,,,336
386,Jody Fortson,KC,8,WR130,,,,338,,,338
387,Jake Kumerow,BUF,7,WR131,,,,340,,,340
388,Jake Funk,LAR,7,RB105,,,,343,,,343
389,Emmanuel Sanders,,,WR132,,,,344,,,344
390,Marquise Goodwin,SEA,11,WR133,,,,345,,,345
391,Cole Beasley,,,WR134,,,,346,,,346
392,Devontae Booker,,,RB106,,,,347,,,347
393,Andy Dalton,NO,14,QB42,,,,349,,,349
394,Devonta Freeman,,,RB107,,,,351,,,351
395,Zach Pascal,PHI,7,WR135,,,,352,,,352
396,T.Y. Hilton,,,WR136,,,,354,,,354
397,Khalil Shakir,BUF,7,WR137,,,,357,,,357
398,Greg Dulcich,DEN,9,TE49,,,,358,,,358
399,Anthony McFarland Jr.,PIT,9,RB108,,,,361,,,361
400,Jordan Howard,,,RB109,,,,362,,,362
401,Latavius Murray,,,RB110,,,,363,,,363
402,Wayne Gallman Jr.,,,RB111,,,,365,,,365
403,Michael Badgley,,,K32,,,,367,,,367
404,Jaret Patterson,WAS,14,RB112,,,,371,,,371
405,Kai Forbath,LAR,7,K33,,,,372,,,372
406,Dan Arnold,JAC,11,TE50,,,,373,,,373
407,Tre'Quan Smith,NO,14,WR138,,,,375,,,375
408,Giovani Bernard,TB,11,RB113,,,,377,,,377
409,Jared Cook,,,TE51,,,,379,,,379
410,Kalif Raymond,DET,6,WR139,,,,380,,,380
411,Sam Darnold,CAR,13,QB43,,,,384,,,384
412,Tevin Coleman,NYJ,10,RB114,,,,386,,,386
413,Breshad Perriman,TB,11,WR140,,,,388,,,388
414,Ty Johnson,NYJ,10,RB115,,,,389,,,389
415,Raheem Blackshear,BUF,7,RB116,,,,390,,,390
416,Deonte Harty,NO,14,WR141,,,,391,,,391
417,Roberto Aguayo,,,K34,,,,392,,,392
418,Juwan Johnson,NO,14,TE52,,,,393,,,393
419,Brayden Lenius,,,TE53,,,,394,,,394
420,Equanimeous St. Brown,CHI,14,WR142,,,,395,,,395
421,Lirim Hajrullahu,DAL,9,K35,,,,396,,,396
422,Darius Slayton,NYG,9,WR143,,,,397,,,397
423,Tutu Atwell,LAR,7,WR144,,,,400,,,400
424,Qadree Ollison,ATL,14,RB117,,,,402,,,402
425,Donald Parham Jr.,LAC,8,TE54,,,,403,,,403
426,Lynn Bowden Jr.,MIA,11,WR145,,,,404,,,404
427,Kene Nwangwu,MIN,7,RB118,,,,406,,,406
428,Cole Turner,WAS,14,TE55,,,,407,,,407
429,Tyrod Taylor,NYG,9,QB44,,,,410,,,410
430,Joe Flacco,NYJ,10,QB45,,,,411,,,411
431,Harrison Bryant,CLE,9,TE56,,,,412,,,412
432,Chris Conley,HOU,6,WR146,,,,414,,,414
433,Geoff Swaim,TEN,6,TE57,,,,415,,,415
434,Freddie Swain,SEA,11,WR147,,,,416,,,416
