Rk,Player,Tm,Pos,Age,G,GS,Tgt,Rec,PassingYds,PassingTD,PassingAtt,PassingCmp,RushingYds,RushingTD,RushingAtt,ReceivingYds,ReceivingTD,Int,Fumbles,FumblesLost,2PM,2PP,FantasyPoints
1,Patrick Mahomes*+,KAN,QB,27,17,17,1,1,5250,41,648,435,358,4,61,6,0,12,5,0,1,2,417.4
2,Josh Jacobs*+,LVR,RB,24,17,17,64,53,0,0,0,0,1653,12,340,400,0,0,3,1,,,328.3
3,Christian McCaffrey*,2TM,RB,26,17,16,108,85,34,1,1,1,1139,8,244,741,5,0,1,0,,,356.4
4,Derrick Henry *,TEN,RB,28,16,16,41,33,4,1,2,2,1538,13,349,398,0,0,6,3,,,302.8
5,Justin Jefferson*+,MIN,WR,23,17,17,184,128,34,0,2,2,24,1,4,1809,8,0,0,0,1,,368.7
6,Austin Ekeler,LAC,RB,27,17,17,127,107,0,0,0,0,915,13,204,722,5,0,5,3,,,372.7
7,Josh Allen*,BUF,QB,26,16,16,0,0,4283,35,567,359,762,7,124,0,0,14,13,5,1,1,395.5
8,Travis Kelce*+,KAN,TE,33,17,17,152,110,0,0,0,0,5,0,2,1338,12,0,1,1,1,,316.3
9,Davante Adams*+,LVR,WR,30,17,17,180,100,0,0,0,0,-1,0,3,1516,14,0,1,0,,,335.5
10,Nick Chubb*,CLE,RB,27,17,17,37,27,0,0,0,0,1525,12,302,239,1,0,1,1,1,,281.4
11,Tyreek Hill*+,MIA,WR,28,17,17,170,119,0,0,0,0,32,1,7,1710,7,0,1,0,,,347.2
12,Jalen Hurts*,PHI,QB,24,15,15,0,0,3701,22,460,306,760,13,165,0,0,6,9,2,2,,378
13,A.J. Brown*,PHI,WR,25,17,16,145,88,0,0,0,0,0,0,0,1496,11,0,2,2,,,299.6
14,Stefon Diggs*,BUF,WR,29,16,16,154,108,0,0,0,0,-3,0,1,1429,11,0,1,0,,,316.6
15,Saquon Barkley*,NYG,RB,25,16,16,76,57,0,0,0,0,1312,10,295,338,0,0,1,0,1,,284
16,CeeDee Lamb*,DAL,WR,23,17,17,156,107,0,0,0,0,47,0,10,1359,9,0,0,0,,,301.6
17,Joe Burrow*,CIN,QB,26,16,16,0,0,4475,35,606,414,257,5,75,0,0,12,6,3,,3,350.7
18,Jamaal Williams,DET,RB,27,17,9,16,12,0,0,0,0,1066,17,262,73,0,0,3,2,1,,225.9
19,Jaylen Waddle,MIA,WR,24,17,17,117,75,0,0,0,0,26,0,3,1356,8,0,1,1,,,259.2
20,Tony Pollard*,DAL,RB,25,16,4,55,39,0,0,0,0,1007,9,193,371,3,0,0,0,,,248.8
21,Dalvin Cook*,MIN,RB,27,17,17,56,39,0,0,0,0,1173,8,264,295,2,0,4,4,,,237.8
22,Miles Sanders*,PHI,RB,25,17,15,26,20,0,0,0,0,1269,11,259,78,0,0,2,2,,,216.7
23,George Kittle*,SFO,TE,29,15,15,86,60,0,0,0,0,0,0,0,765,11,0,1,1,,,200.5
24,Amari Cooper,CLE,WR,28,17,17,132,78,0,0,1,0,0,0,0,1160,9,1,0,0,,,246
25,Taysom Hill,NOR,TE,32,16,8,13,9,240,2,19,13,575,7,96,77,2,0,2,0,,,145.8
26,Aaron Jones,GNB,RB,28,17,17,72,59,0,0,0,0,1121,2,213,395,5,0,5,3,1,,248.6
27,Amon-Ra St. Brown*,DET,WR,23,16,16,146,106,0,0,0,0,95,0,9,1161,6,0,0,0,,,267.6
28,DeVonta Smith,PHI,WR,24,17,17,136,95,0,0,0,0,0,0,0,1196,7,0,1,1,,,254.6
29,T.J. Hockenson*,2TM,TE,25,17,14,129,86,0,0,0,0,0,0,0,914,6,0,1,1,2,,215.4
30,Christian Kirk,JAX,WR,26,17,17,133,84,0,0,1,0,11,0,5,1108,8,0,1,1,,,241.9
31,Najee Harris,PIT,RB,24,17,17,53,41,4,0,1,1,1034,7,272,229,3,0,3,2,,,223.5
32,Ja'Marr Chase*,CIN,WR,22,12,12,134,87,0,0,0,0,8,0,5,1046,9,0,2,2,,,242.4
33,Rhamondre Stevenson,NWE,RB,24,17,7,88,69,0,0,0,0,1040,5,210,421,1,0,4,1,,,249.1
34,Joe Mixon,CIN,RB,26,14,14,75,60,0,0,0,0,814,7,210,441,2,0,0,0,,,239.5
35,Tyler Lockett,SEA,WR,30,16,16,117,84,0,0,0,0,0,0,0,1033,9,0,2,2,,,237.3
36,Terry McLaurin*,WAS,WR,27,17,17,120,77,0,0,0,0,29,0,7,1191,5,0,1,0,,,229
37,Brandon Aiyuk,SFO,WR,24,17,17,114,78,0,0,0,0,23,0,2,1015,8,0,1,1,,,227.8
38,Kenneth Walker III,SEA,RB,22,15,11,35,27,0,0,0,0,1050,9,228,165,0,0,0,0,,,202.5
39,Mike Evans,TAM,WR,29,15,15,127,77,0,0,0,0,0,0,0,1124,6,0,0,0,,,225.4
40,Tee Higgins,CIN,WR,23,16,14,109,74,0,0,0,0,0,0,0,1029,7,0,0,0,1,,220.9
41,Mark Andrews*,BAL,TE,27,15,15,113,73,0,0,0,0,8,0,3,847,5,0,1,0,1,,190.5
42,Geno Smith*,SEA,QB,32,17,17,0,0,4282,30,572,399,366,1,68,0,0,11,8,4,,,303.9
43,Travis Etienne,JAX,RB,23,17,12,45,35,0,0,0,0,1125,5,220,316,0,0,5,3,1,,205.1
44,Ezekiel Elliott,DAL,RB,27,15,14,23,17,0,0,0,0,876,12,231,92,0,0,0,0,,,185.8
45,Justin Fields,CHI,QB,23,15,15,0,0,2242,17,318,192,1143,8,160,0,0,11,16,2,,1,296
46,Trevor Lawrence*,JAX,QB,23,17,17,0,0,4113,25,584,387,291,5,62,0,0,8,12,9,,3,295.6
47,Jerry Jeudy,DEN,WR,23,15,14,100,67,0,0,0,0,40,0,4,972,6,0,0,0,,,204.2
48,D.K. Metcalf,SEA,WR,25,17,17,141,90,0,0,0,0,0,0,0,1048,6,0,2,2,,,226.8
49,D.J. Moore,CAR,WR,25,17,17,118,63,0,0,0,0,53,0,10,888,7,0,0,0,,,199.1
50,Kirk Cousins*,MIN,QB,34,17,17,0,0,4547,29,643,424,97,2,31,0,0,14,7,3,,3,291.6
51,Evan Engram,JAX,TE,28,17,14,98,73,0,0,0,0,13,0,2,766,4,0,0,0,1,,176.9
52,Garrett Wilson,NYJ,WR,22,17,12,147,83,0,0,1,0,4,0,4,1103,4,0,2,1,,,215.7
53,Daniel Jones,NYG,QB,25,16,16,0,0,3205,15,472,317,708,7,120,0,0,5,6,3,,2,289
54,Alvin Kamara,NOR,RB,27,15,13,77,57,0,0,0,0,897,2,223,490,2,0,4,4,,,211.7
55,James Conner,ARI,RB,27,13,13,58,46,0,0,0,0,782,7,183,300,1,0,3,1,,,200.2
56,Leonard Fournette,TAM,RB,27,16,9,83,73,0,0,1,0,668,3,189,523,3,1,0,0,,,226.1
57,Cole Kmet,CHI,TE,23,17,17,69,50,0,0,0,0,9,0,2,544,7,0,1,0,,,147.3
58,Cooper Kupp,LAR,WR,29,9,9,98,75,0,0,1,0,52,1,9,812,6,0,2,1,,,201.4
59,Chris Olave,NOR,WR,22,15,9,119,72,0,0,0,0,0,0,0,1042,4,0,2,2,1,,198.2
60,Jared Goff*,DET,QB,28,17,17,1,1,4438,29,587,382,73,0,29,5,0,7,7,4,1,1,284.3
61,Gabriel Davis,BUF,WR,23,15,15,93,48,0,0,0,0,0,0,0,836,7,0,1,1,,,171.6
62,Christian Watson,GNB,WR,23,14,11,66,41,0,0,0,0,80,2,7,611,7,0,0,0,,,164.1
63,Juwan Johnson,NOR,TE,26,16,12,65,42,0,0,0,0,0,0,0,508,7,0,0,0,,,134.8
64,Justin Herbert,LAC,QB,24,17,17,2,2,4739,25,699,477,147,0,54,-10,0,10,8,3,,1,281.3
65,Chris Godwin,TAM,WR,26,15,13,142,104,0,0,0,0,5,0,3,1023,3,0,2,2,1,,222.8
66,David Montgomery,CHI,RB,25,16,16,40,34,0,0,0,0,801,5,201,316,1,0,2,2,,,177.7
67,Tyler Allgeier,ATL,RB,22,16,7,17,16,0,0,0,0,1035,3,210,139,1,0,0,0,1,,159.4
68,Michael Pittman Jr.,IND,WR,25,16,16,141,99,0,0,0,0,30,0,3,925,4,0,2,1,,,216.5
69,D'Andre Swift,DET,RB,23,14,8,70,48,0,0,0,0,542,5,99,389,3,0,1,0,1,,191.1
70,Dawson Knox*,BUF,TE,26,15,15,65,48,0,0,0,0,0,0,0,517,6,0,0,0,,,135.7
71,Zay Jones,JAX,WR,27,16,15,121,82,0,0,0,0,18,0,4,823,5,0,0,0,1,,198.1
72,Dallas Goedert,PHI,TE,27,12,12,69,55,0,0,0,0,0,0,0,702,3,0,1,1,,,141.2
73,Dalton Schultz,DAL,TE,26,15,15,89,57,0,0,0,0,0,0,0,577,5,0,1,1,,,142.7
74,Allen Lazard,GNB,WR,27,15,15,100,60,0,0,0,0,0,0,2,788,6,0,0,0,,,174.8
75,Tory Carter,TEN,,23,9,3,0,0,0,0,0,0,0,0,0,0,0,0,0,0,,,
76,Alex Armah,WAS,,28,2,0,0,0,0,0,0,0,0,0,0,0,0,0,0,0,,,
77,Pat Freiermuth,PIT,TE,24,16,8,98,63,0,0,0,0,0,0,0,732,2,0,0,0,,,148.2
78,Jerick McKinnon,KAN,RB,30,17,0,71,56,0,0,0,0,291,1,72,512,9,0,1,1,1,,196.3
79,Tom Brady,TAM,QB,45,17,17,1,0,4694,25,733,490,-1,1,29,0,0,9,5,4,,2,271.7
80,Aaron Rodgers,GNB,QB,39,17,17,0,0,3695,26,542,350,94,1,34,0,0,12,8,4,,2,239.2
81,Lamar Jackson,BAL,QB,25,12,12,0,0,2242,17,326,203,764,3,112,0,0,7,5,2,,1,236.1
82,Tua Tagovailoa,MIA,QB,24,13,13,0,0,3548,25,400,259,70,0,23,0,0,8,6,1,,,230.9
83,Russell Wilson,DEN,QB,34,15,15,1,1,3524,16,483,292,277,3,55,1,0,11,6,2,,,225.8
84,Derek Carr*,LVR,QB,31,15,15,0,0,3522,24,502,305,102,0,24,0,0,14,4,0,,,219.1
85,Kyler Murray,ARI,QB,25,11,11,0,0,2368,14,390,259,418,3,67,0,0,7,8,2,1,3,200.5
86,Dak Prescott,DAL,QB,29,12,12,0,0,2860,23,394,261,182,1,45,0,0,15,4,1,,,198.6
87,Marcus Mariota,ATL,QB,29,13,13,0,0,2219,15,300,184,438,4,85,0,0,9,8,3,,2,196.6
88,Davis Mills,HOU,QB,24,15,15,0,0,3118,17,479,292,108,2,32,0,0,15,8,3,,1,181.5
89,Andy Dalton,NOR,QB,35,14,14,0,0,2871,18,378,252,54,0,30,0,0,9,5,1,,1,174.2
90,Mac Jones,NWE,QB,24,14,14,0,0,2997,14,442,288,102,1,47,0,0,11,5,1,,1,170.1
91,Jacoby Brissett,CLE,QB,30,16,11,0,0,2608,12,369,236,243,2,49,0,0,6,6,4,,,168.6
92,Jimmy Garoppolo,SFO,QB,31,11,10,0,0,2437,16,308,207,33,2,23,0,0,4,3,2,,,164.8
93,Ryan Tannehill,TEN,QB,34,12,12,0,0,2536,13,325,212,98,2,34,0,0,6,3,2,,1,161.2
94,Matt Ryan,IND,QB,37,12,12,0,0,3057,14,461,309,70,1,27,0,0,13,15,5,,,155.3
95,Kenny Pickett,PIT,QB,24,13,12,0,0,2404,7,389,245,237,3,55,0,0,9,4,1,,2,149.9
96,AJ Dillon,GNB,RB,24,17,3,43,28,0,0,0,0,770,7,186,206,0,0,1,0,,,167.6
97,Devin Singletary,BUF,RB,25,16,16,52,38,0,0,0,0,819,5,177,280,1,0,3,3,,,177.9
98,Raheem Mostert,MIA,RB,30,16,14,42,31,0,0,0,0,891,3,181,202,2,0,1,1,,,168.3
99,Jeff Wilson,2TM,RB,27,16,7,37,22,0,0,0,0,860,5,176,185,1,0,3,2,,,158.5
100,Dameon Pierce,HOU,RB,22,13,13,39,30,0,0,0,0,939,4,220,165,1,0,4,2,,,166.4
101,Cordarrelle Patterson,ATL,RB,31,13,11,31,21,0,0,0,0,695,8,144,122,0,0,1,1,,,154.7
102,Cam Akers,LAR,RB,23,15,9,18,13,0,0,0,0,786,7,188,117,0,0,2,2,,,141.3
103,Latavius Murray,2TM,RB,32,13,7,35,27,0,0,0,0,760,6,171,132,0,0,1,0,1,,154.2
104,D'Onta Foreman,CAR,RB,26,17,9,9,5,0,0,0,0,914,5,203,26,0,0,1,0,1,,131
105,Isiah Pacheco,KAN,RB,23,17,11,14,13,0,0,0,0,830,5,170,130,0,0,4,2,,,135
106,Baker Mayfield,2TM,QB,27,12,10,0,0,2163,10,335,201,89,1,31,0,0,8,9,2,,,121.4
107,Antonio Gibson,WAS,RB,24,15,6,58,46,0,0,0,0,546,3,149,353,2,0,1,0,,,165.9
108,Jonathan Taylor,IND,RB,23,11,11,40,28,0,0,0,0,861,4,192,143,0,0,3,3,,,146.4
109,Taylor Heinicke,WAS,QB,29,9,9,0,0,1859,12,259,161,96,1,28,0,0,6,7,5,,,116
110,George Pickens,PIT,WR,21,17,12,84,52,0,0,0,0,24,1,3,801,4,0,0,0,1,,166.5
111,Mike Williams,LAC,WR,28,13,13,93,63,0,0,0,0,0,0,0,895,4,0,0,0,,,176.5
112,Jakobi Meyers,NWE,WR,26,14,13,96,67,0,0,0,0,-11,0,2,804,6,0,2,2,1,,180.3
113,Carson Wentz,WAS,QB,30,8,7,0,0,1755,11,276,172,86,1,22,0,0,9,6,1,,2,112.8
114,Curtis Samuel,WAS,WR,26,17,12,92,64,0,0,0,0,187,1,38,656,4,0,1,1,,,176.3
115,Deebo Samuel,SFO,WR,26,13,12,94,56,0,0,0,0,232,3,42,632,2,0,3,2,,,168.4
116,Adam Thielen,MIN,WR,32,17,17,107,70,0,0,0,0,4,0,1,716,6,0,0,0,1,,180
117,Tyler Boyd,CIN,WR,28,16,14,82,58,23,0,1,1,0,0,0,762,5,0,0,0,1,,167.1
118,Khalil Herbert,CHI,RB,24,13,1,12,9,0,0,0,0,731,4,129,57,1,0,0,0,,,117.8
119,Matthew Stafford,LAR,QB,34,9,9,0,0,2087,10,303,206,9,1,13,0,0,8,5,3,,,108.4
120,Drake London,ATL,WR,21,17,15,117,72,0,0,0,0,0,0,0,866,4,0,3,3,1,,178.6
121,JuJu Smith-Schuster,KAN,WR,26,16,14,101,78,0,0,0,0,0,0,0,933,3,0,3,2,,,185.3
122,Donovan Peoples-Jones,CLE,WR,23,17,14,96,61,0,0,0,0,2,0,1,839,3,0,1,1,,,167.1
123,Brock Purdy,SFO,QB,23,9,5,0,0,1374,13,170,114,13,1,22,0,0,4,0,0,,,106.3
124,Samaje Perine,CIN,RB,27,16,2,51,38,0,0,0,0,394,2,95,287,4,0,0,0,,,142.1
125,Brian Robinson Jr.,WAS,RB,23,12,9,12,9,0,0,0,0,797,2,205,60,1,0,2,0,,,112.7
126,Keenan Allen,LAC,WR,30,10,10,89,66,0,0,0,0,8,0,1,752,4,0,1,1,,,164
127,Zach Wilson,NYJ,QB,23,9,9,1,1,1688,6,242,132,102,1,28,2,1,7,1,1,,,98.9
128,Mack Hollins,LVR,WR,29,17,16,94,57,4,0,1,1,40,0,4,690,4,0,0,0,,,154.2
129,Josh Palmer,LAC,WR,24,16,11,107,72,0,0,0,0,4,0,1,769,3,0,1,0,1,,169.3
130,Jahan Dotson,WAS,WR,22,12,10,61,35,0,0,0,0,-7,0,2,523,7,0,0,0,1,,130.6
131,Breece Hall,NYJ,RB,21,7,2,31,19,0,0,0,0,463,4,80,218,1,0,1,1,,,115.1
132,K.J. Osborn,MIN,WR,25,17,9,90,60,0,0,0,0,6,0,3,650,5,0,1,0,,,155.6
133,Diontae Johnson,PIT,WR,26,17,17,147,86,0,0,0,0,25,0,7,882,0,0,1,0,2,,180.7
134,Courtland Sutton,DEN,WR,27,15,15,109,64,0,0,0,0,5,0,1,829,2,0,0,0,,,159.4
135,Kareem Hunt,CLE,RB,27,17,0,44,35,0,0,0,0,468,3,123,210,1,0,1,0,,,126.8
136,Marquise Brown,ARI,WR,25,12,10,107,67,0,0,0,0,1,0,1,709,3,0,1,0,,,156
137,Brandin Cooks,HOU,WR,29,13,13,93,57,0,0,0,0,7,0,2,699,3,0,0,0,,,145.6
138,Rachaad White,TAM,RB,23,17,8,58,50,0,0,0,0,481,1,129,290,2,0,3,3,,,139.1
139,DeAndre Hopkins,ARI,WR,30,9,9,96,64,0,0,0,0,0,0,0,717,3,0,2,1,,,151.7
140,Kenyan Drake,BAL,RB,28,12,5,26,17,0,0,0,0,482,4,109,89,1,0,1,0,,,104.1
141,Parris Campbell,IND,WR,25,17,16,91,63,0,0,0,0,58,0,5,623,3,0,1,0,,,149.1
142,Sam Darnold,CAR,QB,25,6,6,0,0,1143,7,140,82,106,2,26,0,0,3,6,2,,,86.3
143,Deshaun Watson,CLE,QB,27,6,6,0,0,1102,7,170,99,175,1,36,0,0,5,1,0,,,85.6
144,Michael Carter,NYJ,RB,23,16,10,54,41,0,0,0,0,402,3,114,288,0,0,2,1,,,126
145,James Cook,BUF,RB,23,16,0,32,21,0,0,0,0,507,2,89,180,1,0,1,1,,,105.7
146,David Njoku,CLE,TE,26,14,14,80,58,0,0,0,0,-8,0,2,628,4,0,1,1,,,142
147,Gerald Everett,LAC,TE,28,16,11,87,58,0,0,0,0,0,0,1,555,4,0,0,0,1,,139.5
148,Darius Slayton,NYG,WR,25,16,11,71,46,0,0,0,0,0,0,0,724,2,0,2,1,,,128.4
149,Clyde Edwards-Helaire,KAN,RB,23,10,6,23,17,0,0,0,0,302,3,71,151,3,0,0,0,,,98.3
150,Jordan Akins,HOU,TE,30,15,3,54,37,0,0,0,0,0,0,0,495,5,0,1,1,1,,116.5
151,Tyler Higbee,LAR,TE,29,17,17,108,72,0,0,0,0,0,0,0,620,3,0,0,0,,,152
152,Marquez Valdes-Scantling,KAN,WR,28,17,11,81,42,0,0,0,0,-3,0,1,687,2,0,0,0,,,122.4
153,Devin Duvernay*,BAL,WR,25,14,13,49,37,0,0,0,0,84,1,12,407,3,0,1,0,,,116.1
154,Isaiah McKenzie,BUF,WR,27,15,8,65,42,0,0,0,0,55,1,9,423,4,0,0,0,,,119.8
155,James Robinson,2TM,RB,24,11,5,14,11,0,0,0,0,425,3,110,51,2,0,1,0,,,88.6
156,Richie James,NYG,WR,27,17,4,70,57,0,0,0,0,6,0,2,569,4,0,3,3,,,132.5
157,Tyler Conklin,NYJ,TE,27,17,16,87,58,0,0,0,0,3,0,2,552,3,0,2,0,,,131.5
158,J.K. Dobbins,BAL,RB,24,8,8,8,7,0,0,0,0,520,2,92,42,1,0,0,0,,,81.2
159,Damien Harris,NWE,RB,25,11,9,23,17,0,0,0,0,462,3,106,97,0,0,0,0,,,90.9
160,Chuba Hubbard,CAR,RB,23,15,2,17,14,0,0,0,0,466,2,95,171,0,0,2,1,,,87.7
161,Mitchell Trubisky,PIT,QB,28,7,5,0,0,1252,4,180,117,38,2,19,0,0,5,0,0,,1,73.9
162,Noah Fant,SEA,TE,25,17,16,63,50,0,0,0,0,0,0,0,486,4,0,0,0,,,122.6
163,Russell Gage,TAM,WR,26,13,4,70,51,0,0,0,0,0,0,0,426,5,0,1,1,1,,123.6
164,Alexander Mattison,MIN,RB,24,17,0,18,15,0,0,0,0,283,5,74,91,1,0,0,0,,,88.4
165,Rashid Shaheed,NOR,WR,24,12,6,34,28,0,0,0,0,57,1,4,488,2,0,1,0,,,100.5
166,Noah Brown,DAL,WR,26,16,13,74,43,0,0,0,0,0,0,0,555,3,0,1,1,,,114.5
167,DeVante Parker,NWE,WR,29,13,11,47,31,0,0,0,0,0,0,0,539,3,0,0,0,,,102.9
168,Marvin Jones,JAX,WR,32,16,10,81,46,0,0,0,0,0,0,0,529,3,0,0,0,,,116.9
169,Alec Pierce,IND,WR,22,16,12,78,41,0,0,0,0,0,0,0,593,2,0,1,0,,,112.3
170,Olamide Zaccheaus,ATL,WR,25,17,13,61,40,0,0,0,0,7,0,2,533,3,0,1,1,,,110
171,Zach Ertz,ARI,TE,32,10,10,69,47,0,0,0,0,0,0,0,406,4,0,0,0,2,,115.6
172,Mecole Hardman,KAN,WR,24,8,5,34,25,0,0,0,0,31,2,4,297,4,0,1,0,,,93.8
173,Kalif Raymond,DET,WR,28,17,7,64,47,0,0,0,0,36,0,7,616,0,0,3,1,,,116.2
174,DJ Chark,DET,WR,26,11,10,52,30,0,0,0,0,0,0,0,502,3,0,0,0,,,98.2
175,Chris Moore,HOU,WR,29,16,7,74,48,0,0,0,0,3,0,3,548,2,0,0,0,,,115.1
176,DeAndre Carter,LAC,WR,29,17,7,65,46,0,0,0,0,-15,0,2,538,3,0,3,2,,,112.3
177,Corey Davis,NYJ,WR,27,13,10,64,32,0,0,0,0,0,0,0,536,2,0,0,0,,,97.6
178,Michael Gallup,DAL,WR,26,14,11,74,39,0,0,0,0,0,0,0,424,4,0,0,0,,,105.4
179,Mike Gesicki,MIA,TE,27,17,1,52,32,0,0,0,0,0,0,0,362,5,0,0,0,,,98.2
180,Josh Reynolds,DET,WR,27,14,11,59,38,0,0,0,0,0,0,0,479,3,0,0,0,,,103.9
181,Eno Benjamin,3TM,RB,23,15,3,34,25,0,0,0,0,313,2,77,193,0,0,0,0,1,,89.6
182,Kenneth Gainwell,PHI,RB,23,17,0,29,23,0,0,0,0,240,4,53,169,0,0,0,0,,,87.9
183,Chigoziem Okonkwo,TEN,TE,23,17,8,46,32,0,0,0,0,2,0,3,450,3,0,0,0,1,,97.2
184,Jaylen Warren,PIT,RB,24,16,0,33,28,0,0,0,0,379,1,77,214,0,0,1,0,,,93.3
185,Marquise Goodwin,SEA,WR,32,13,2,42,27,0,0,0,0,5,0,2,387,4,0,0,0,,,90.2
186,Hunter Henry,NWE,TE,28,17,14,59,41,0,0,0,0,0,0,0,509,2,0,0,0,,,103.9
187,Isaiah Hodgins,2TM,WR,24,10,5,48,37,0,0,0,0,0,0,0,392,4,0,1,1,1,,100.2
188,Robert Woods,TEN,WR,30,17,15,91,53,0,0,0,0,0,0,0,527,2,0,1,1,,,115.7
189,Melvin Gordon,DEN,RB,29,10,6,32,25,0,0,0,0,318,2,90,223,0,0,5,2,,,87.1
190,Darnell Mooney,CHI,WR,25,12,12,61,40,0,0,0,0,2,0,1,493,2,0,0,0,,,101.5
191,Treylon Burks,TEN,WR,22,11,6,54,33,0,0,0,0,47,0,4,444,1,0,0,0,,,94.1
192,Greg Dortch,ARI,WR,24,16,4,64,52,0,0,0,0,44,0,7,467,2,0,1,1,,,113.1
193,Nico Collins,HOU,WR,23,10,7,66,37,0,0,0,0,0,0,0,481,2,0,0,0,,,97.1
194,Romeo Doubs,GNB,WR,22,13,7,67,42,0,0,0,0,11,0,1,425,3,0,2,1,,,101.6
195,Chase Claypool,2TM,WR,24,15,11,79,46,1,1,1,1,59,0,9,451,1,0,1,1,,,105
196,Gus Edwards,BAL,RB,27,9,4,2,0,0,0,0,0,433,3,87,0,0,0,1,1,,,59.3
197,Robert Tonyan,GNB,TE,28,17,3,67,53,0,0,0,0,0,0,0,470,2,0,0,0,,,112
198,Chase Edmonds,2TM,RB,26,13,3,24,16,0,0,0,0,245,2,68,157,1,0,0,0,,,74.2
199,Nick Westbrook-Ikhine,TEN,WR,25,17,13,50,25,0,0,0,0,0,0,0,397,3,0,0,0,,,82.7
200,Darrell Henderson,LAR,RB,25,10,7,22,17,0,0,0,0,283,3,70,102,0,0,0,0,,,73.5
201,Cooper Rush,DAL,QB,29,9,5,0,0,1051,5,162,94,6,0,9,0,0,3,2,0,,,56.6
202,Darren Waller,LVR,TE,30,9,6,43,28,0,0,0,0,0,0,0,388,3,0,0,0,,,84.8
203,Mike White,NYJ,QB,27,4,4,0,0,1192,3,175,103,9,1,6,0,0,4,2,1,,,56.6
204,Dontrell Hilliard,TEN,RB,27,12,1,26,21,0,0,0,0,145,0,22,177,4,0,0,0,,,77.2
205,Austin Hooper,TEN,TE,28,17,2,60,41,0,0,0,0,0,0,0,444,2,0,0,0,,,97.4
206,Demarcus Robinson,BAL,WR,28,17,5,75,48,0,0,0,0,0,0,0,458,2,0,2,1,,,103.8
207,Deon Jackson,IND,RB,23,16,2,34,30,0,0,0,0,236,1,68,209,1,0,1,1,,,84.5
208,Van Jefferson,LAR,WR,26,11,9,44,24,0,0,0,0,0,0,0,369,3,0,0,0,,,78.9
209,Isaiah Likely,BAL,TE,22,16,2,60,36,0,0,0,0,0,0,0,373,3,0,0,0,,,91.3
210,Terrace Marshall Jr.,CAR,WR,22,14,9,47,28,0,0,0,0,0,0,0,490,1,0,2,0,,,83
211,Zack Moss,2TM,RB,25,13,3,13,11,0,0,0,0,456,1,93,39,0,0,1,1,,,64.5
212,Trent Sherfield,MIA,WR,26,17,4,51,30,0,0,0,0,0,0,0,417,2,0,0,0,,,83.7
213,Kendrick Bourne,NWE,WR,27,16,2,48,35,0,0,0,0,39,0,6,434,1,0,2,0,,,88.3
214,Will Dissly,SEA,TE,26,15,15,38,34,0,0,0,0,0,0,0,349,3,0,0,0,,,86.9
215,Greg Dulcich,DEN,TE,22,10,6,55,33,0,0,0,0,0,0,0,411,2,0,0,0,,,86.1
216,Hayden Hurst,CIN,TE,29,13,13,68,52,0,0,0,0,0,0,0,414,2,0,0,0,,,105.4
217,Foster Moreau,LVR,TE,25,15,14,54,33,0,0,0,0,2,0,0,420,2,0,1,1,,,85.2
218,Allen Robinson,LAR,WR,29,10,10,52,33,0,0,0,0,0,0,0,339,3,0,0,0,,,84.9
219,Quez Watkins,PHI,WR,24,17,8,51,33,0,0,0,0,1,0,3,354,3,0,1,1,,,84.5
220,Nyheim Hines,2TM,RB,26,16,5,37,30,0,0,0,0,33,1,24,241,1,0,2,0,,,81.4
221,Joshua Kelley,LAC,RB,25,13,1,25,14,0,0,0,0,287,2,69,101,0,0,0,0,,,64.8
222,Elijah Moore,NYJ,WR,22,16,9,65,37,0,0,0,0,5,0,5,446,1,0,1,0,,,88.1
223,Cade Otton,TAM,TE,23,16,11,65,42,0,0,0,0,0,0,0,391,2,0,0,0,,,93.1
224,Jamycal Hasty,JAX,RB,26,17,0,26,20,0,0,0,0,194,2,46,126,1,0,0,0,,,70
225,Tyler Huntley*,BAL,QB,24,6,4,0,0,658,2,112,75,137,1,43,0,0,3,3,0,1,,50
226,Jelani Woods,IND,TE,24,15,2,40,25,0,0,0,0,0,0,0,312,3,0,1,0,,,74.2
227,Randall Cobb,GNB,WR,32,13,3,50,34,0,0,0,0,0,0,0,417,1,0,1,0,,,81.7
228,Joe Flacco,NYJ,QB,37,5,4,0,0,1051,5,191,110,6,0,3,-3,0,3,5,4,,,48.3
229,Trenton Irwin,CIN,WR,27,9,2,23,15,0,0,0,0,11,0,1,231,4,0,0,0,,,63.2
230,Jauan Jennings,SFO,WR,25,16,4,56,35,0,0,0,0,0,0,0,416,1,0,1,0,,,82.6
231,Rashaad Penny,SEA,RB,26,5,5,5,4,0,0,0,0,346,2,57,16,0,0,1,0,,,52.2
232,Kyle Pitts,ATL,TE,22,10,10,59,28,0,0,0,0,0,0,0,356,2,0,0,0,,,75.6
233,Jamal Agnew*,JAX,WR,27,15,0,30,23,0,0,0,0,86,0,12,187,3,0,0,0,1,,70.3
234,Rondale Moore,ARI,WR,22,8,8,56,41,0,0,0,0,-5,0,6,414,1,0,0,0,,,87.9
235,Julio Jones,TAM,WR,33,10,5,43,24,0,0,0,0,45,0,5,299,2,0,0,0,,,70.4
236,Zonovan Knight,NYJ,RB,21,7,4,14,13,0,0,0,0,300,1,85,100,0,0,2,0,,,59
237,Dante Pettis,CHI,WR,27,17,7,41,19,0,0,0,0,37,0,2,245,3,0,1,0,,,65.2
238,Laviska Shenault Jr.,CAR,WR,24,13,4,32,27,0,0,0,0,65,1,9,272,1,0,0,0,,,72.7
239,Brock Wright,DET,TE,24,17,10,24,18,0,0,0,0,0,0,0,216,4,0,0,0,,,63.6
240,Tutu Atwell,LAR,WR,23,13,4,35,18,0,0,0,0,34,1,9,298,1,0,0,0,,,63.2
241,Daniel Bellinger,NYG,TE,22,12,11,35,30,0,0,0,0,2,1,1,268,2,0,1,1,1,,75
242,Ben Skowronek,LAR,WR,25,14,11,61,39,0,0,0,0,17,1,1,376,0,0,0,0,,,84.3
243,Nelson Agholor,NWE,WR,29,16,7,53,31,0,0,0,0,0,0,0,362,2,0,2,2,,,75.2
244,Ray-Ray McCloud,SFO,WR,26,17,2,25,14,0,0,0,0,78,1,4,243,1,0,2,0,,,58.1
245,Colby Parkinson,SEA,TE,23,17,2,34,25,0,0,0,0,0,0,0,322,2,0,0,0,,,69.2
246,Equanimeous St. Brown,CHI,WR,26,16,16,38,21,0,0,0,0,54,0,6,323,1,0,1,0,,,64.7
247,Tyquan Thornton,NWE,WR,22,13,9,45,22,0,0,0,0,16,1,3,247,2,0,0,0,,,66.3
248,Justin Watson,KAN,WR,26,17,5,34,15,0,0,0,0,0,0,0,315,2,0,0,0,,,58.5
249,Jameis Winston,NOR,QB,28,3,3,0,0,858,4,115,73,16,0,5,0,0,5,3,0,,1,43.9
250,Caleb Huntley,ATL,RB,24,12,0,2,2,0,0,0,0,366,1,76,3,0,0,1,0,,,44.9
251,Hunter Renfrow,LVR,WR,27,10,1,50,36,0,0,0,0,0,0,0,330,2,0,3,1,,,79
252,Jarrett Stidham,LVR,QB,26,5,2,0,0,656,4,83,53,84,0,14,0,0,3,3,1,,,42.6
253,Noah Gray,KAN,TE,23,17,8,34,28,0,0,0,0,1,1,1,299,1,0,0,0,,,70
254,Elijah Mitchell,SFO,RB,24,5,1,4,3,0,0,0,0,279,2,45,7,0,0,0,0,,,43.6
255,Boston Scott,PHI,RB,27,15,2,6,5,0,0,0,0,217,3,54,15,0,0,0,0,,,46.2
256,Kadarius Toney,2TM,WR,23,9,4,20,16,0,0,0,0,82,1,7,171,2,0,1,1,,,57.3
257,Braxton Berrios,NYJ,WR,27,17,2,32,18,2,1,1,1,91,2,9,145,0,0,1,0,,,57.7
258,Matt Breida,NYG,RB,27,17,1,25,20,0,0,0,0,220,1,54,118,0,0,0,0,,,59.8
259,Rex Burkhead,HOU,RB,32,16,0,51,37,0,0,1,0,80,0,26,204,1,0,0,0,,,77.4
260,Shi Smith,CAR,WR,24,17,6,41,22,0,0,0,0,0,0,0,296,2,0,4,1,,,61.6
261,Rashod Bateman,BAL,WR,23,6,5,28,15,0,0,0,0,0,0,0,285,2,0,1,1,,,53.5
262,Damiere Byrd,ATL,WR,29,14,4,23,13,0,0,0,0,0,0,0,268,2,0,0,0,,,51.8
263,Justin Jackson,DET,RB,26,16,0,19,12,0,0,0,0,170,1,42,101,1,0,0,0,,,51.1
264,MyCole Pruitt,ATL,TE,30,13,4,21,16,0,0,0,0,0,0,0,150,4,0,0,0,,,55
265,Desmond Ridder,ATL,QB,23,4,4,0,0,708,2,115,73,64,0,16,0,0,0,3,2,,,38.7
266,P.J. Walker,CAR,QB,27,6,5,0,0,731,3,106,63,39,0,6,0,0,3,0,0,,,39.1
267,Bailey Zappe,NWE,QB,23,4,2,1,1,781,5,92,65,0,0,10,-6,0,3,4,3,,,39.6
268,Teddy Bridgewater,MIA,QB,30,5,2,0,0,683,4,79,49,27,0,3,0,0,4,0,0,,,38
269,A.J. Green,ARI,WR,34,15,10,47,24,0,0,0,0,0,0,0,236,2,0,0,0,1,,61.6
270,Logan Thomas,WAS,TE,31,14,13,61,39,0,0,0,0,0,0,0,323,1,0,0,0,,,77.3
271,Gardner Minshew II,PHI,QB,26,5,2,0,0,663,3,76,44,3,1,7,0,0,3,4,1,,,36.8
272,Sam Ehlinger,IND,QB,24,4,3,0,0,573,3,101,64,87,0,17,0,0,3,2,1,,,35.6
273,Mo Alie-Cox,IND,TE,29,17,11,28,19,0,0,0,0,0,0,0,189,3,0,1,1,,,53.9
274,Kyle Juszczyk*,SFO,RB,31,16,12,23,19,0,0,0,0,26,1,7,200,1,0,0,0,,,53.6
275,Jarvis Landry,NOR,WR,30,9,3,39,25,0,0,0,0,0,0,0,272,1,0,1,0,1,,60.2
276,Michael Thomas,NOR,WR,29,3,3,22,16,0,0,0,0,0,0,0,171,3,0,0,0,,,51.1
277,C.J. Uzomah,NYJ,TE,29,15,13,27,21,0,0,0,0,0,0,0,232,2,0,0,0,,,56.2
278,Mark Ingram,NOR,RB,33,10,3,18,16,0,0,0,0,233,1,62,68,0,0,2,2,1,,50.1
279,Tre'Quan Smith,NOR,WR,26,15,6,27,19,0,0,0,0,0,0,0,278,1,0,0,0,,,52.8
280,Raheem Blackshear,CAR,RB,23,13,1,12,10,0,0,0,0,77,3,23,93,0,0,1,1,,,43
281,Trey McBride,ARI,TE,23,16,13,39,29,0,0,0,0,0,0,0,265,1,0,1,0,,,61.5
282,Colt McCoy,ARI,QB,36,4,3,0,0,780,1,132,90,36,0,14,0,0,3,2,0,,,32.8
283,Tommy Tremble,CAR,TE,22,17,4,32,19,0,0,0,0,0,0,0,174,3,0,1,1,,,52.4
284,Robbie Anderson,2TM,WR,29,16,7,44,20,0,0,0,0,0,0,0,282,1,0,1,1,,,52.2
285,Phillip Dorsett,HOU,WR,29,15,4,40,20,0,0,1,0,0,0,0,257,1,0,0,0,,,51.7
286,Kendall Hinton,DEN,WR,25,12,5,33,24,0,0,0,0,13,0,2,311,0,0,0,0,,,56.4
287,Jordan Mason,SFO,RB,23,16,0,0,0,0,0,0,0,258,1,43,0,0,0,0,0,,,31.8
288,Harrison Bryant,CLE,TE,24,17,9,42,31,0,0,0,0,8,0,1,239,1,0,0,0,,,61.7
289,Ty Johnson,NYJ,RB,25,17,1,24,12,0,0,0,0,160,1,30,88,0,0,0,0,,,42.8
290,Sammy Watkins,2TM,WR,29,12,5,27,16,0,0,0,0,0,0,0,325,0,0,1,1,,,46.5
291,Kylen Granson,IND,TE,24,13,4,40,31,0,0,0,0,0,0,1,302,0,0,1,0,,,61.2
292,Justice Hill,BAL,RB,25,15,0,12,12,0,0,0,0,262,0,49,58,0,0,2,1,,,42
293,Marlon Mack,2TM,RB,26,8,0,10,8,0,0,0,0,84,1,16,99,1,0,0,0,,,38.3
294,Irv Smith Jr.,MIN,TE,24,8,1,36,25,0,0,0,0,0,0,0,182,2,0,1,0,,,55.2
295,Shane Zylstra,DET,TE,26,13,2,15,11,0,0,0,0,0,0,0,60,4,0,0,0,,,41
296,Ameer Abdullah,LVR,RB,29,17,0,32,25,0,0,0,0,20,0,4,211,1,0,0,0,,,54.1
297,DeeJay Dallas,SEA,RB,24,15,0,19,17,0,0,1,0,186,0,35,126,0,1,1,0,,,46.2
298,Jake Ferguson,DAL,TE,23,16,8,22,19,0,0,0,0,0,0,0,174,2,0,0,0,,,48.4
299,Peyton Hendershot,DAL,TE,23,17,2,16,11,0,0,0,0,2,1,1,103,2,0,1,0,,,39.5
300,J.D. McKissic,WAS,RB,29,8,0,40,27,0,0,0,0,95,0,22,173,0,0,0,0,1,,55.8
301,Dare Ogunbowale,HOU,RB,28,17,4,26,20,0,0,0,0,123,1,42,104,0,0,0,0,,,48.7
302,Wan'Dale Robinson,NYG,WR,21,6,3,31,23,0,0,0,0,-1,0,2,227,1,0,0,0,,,51.6
303,Dyami Brown,WAS,WR,23,15,0,14,5,0,0,0,0,15,0,1,143,2,0,0,0,,,32.8
304,Malik Davis,DAL,RB,24,12,0,7,6,0,0,0,0,161,1,38,63,0,0,0,0,,,34.4
305,Ashton Dulin,IND,WR,25,12,2,22,15,0,0,0,0,8,0,2,207,1,0,0,0,,,42.5
306,KhaDarel Hodge,ATL,WR,27,17,1,20,13,0,0,0,0,0,0,0,202,1,0,0,0,1,,41.2
307,Travis Homer,SEA,RB,24,10,1,18,16,0,0,0,0,74,0,19,157,1,0,1,1,,,43.1
308,O.J. Howard,HOU,TE,28,13,10,23,10,0,0,0,0,0,0,0,145,2,0,0,0,,,36.5
309,Velus Jones Jr.,CHI,WR,25,12,2,14,7,0,0,0,0,103,1,9,107,1,0,3,3,,,34
310,Josh Oliver,BAL,TE,25,17,9,25,14,0,0,0,0,0,0,0,149,2,0,0,0,,,40.9
311,Adam Trautman,NOR,TE,25,15,12,22,18,0,0,0,0,0,0,0,207,1,0,0,0,,,44.7
312,Byron Pringle,CHI,WR,29,11,4,16,10,0,0,0,0,0,0,0,135,2,0,0,0,,,35.5
313,Javonte Williams,DEN,RB,22,4,4,22,16,0,0,0,0,204,0,47,76,0,0,1,1,,,42
314,Jonnu Smith,NWE,TE,27,14,8,38,27,0,0,0,0,5,0,1,245,0,0,1,0,,,52
315,Durham Smythe,MIA,TE,27,16,15,20,15,0,0,0,0,1,1,2,129,1,0,0,0,,,40
316,Gary Brightwell,NYG,RB,23,17,0,8,5,0,0,0,0,141,1,31,39,0,0,0,0,,,29
317,Connor Heyward,PIT,TE,23,17,0,17,12,0,0,0,0,27,0,2,151,1,0,0,0,,,35.8
318,Jalen Nailor,MIN,WR,23,15,0,13,9,0,0,0,0,0,0,0,179,1,0,0,0,,,32.9
319,Brandon Powell,LAR,WR,27,17,6,32,24,0,0,0,0,80,0,17,156,0,0,1,0,,,47.6
320,Khalil Shakir,BUF,WR,22,14,2,20,10,0,0,0,0,0,0,0,161,1,0,0,0,1,,34.1
321,Alec Ingold,MIA,RB,26,17,14,23,15,0,0,0,0,8,1,6,105,1,0,0,0,,,38.3
322,Teagan Quitoriano,HOU,TE,22,9,6,14,7,0,0,0,0,0,0,0,113,2,0,0,0,,,30.3
323,Amari Rodgers,2TM,WR,23,16,1,25,16,0,0,0,0,7,0,2,204,1,0,6,2,,,39.1
324,Marquez Callaway,NOR,WR,24,14,3,32,16,0,0,0,0,0,0,0,158,1,0,0,0,,,37.8
325,River Cracraft,MIA,WR,28,11,0,14,9,0,0,0,0,0,0,0,102,2,0,0,0,,,31.2
326,Craig Reynolds,DET,RB,26,9,0,10,9,0,0,0,0,102,0,23,116,0,0,0,0,,,30.8
327,Kyren Williams,LAR,RB,22,10,0,12,9,0,0,0,0,139,0,35,76,0,0,0,0,,,30.5
328,David Bell,CLE,WR,22,16,3,35,24,0,0,0,0,0,0,0,214,0,0,0,0,,,45.4
329,Joshua Dobbs,TEN,QB,27,2,2,0,0,411,2,68,40,44,0,8,0,0,2,4,2,,,20.8
330,Jody Fortson,KAN,TE,27,13,1,13,9,0,0,0,0,0,0,0,108,2,0,1,1,,,29.8
331,C.J. Ham,MIN,RB,29,17,4,12,10,0,0,0,0,7,2,4,86,0,0,0,0,,,31.3
332,Marcedes Lewis,GNB,TE,38,17,17,7,6,0,0,0,0,0,0,0,66,2,0,0,0,1,,26.6
333,Skyy Moore,KAN,WR,22,16,3,33,22,0,0,0,0,24,0,3,250,0,0,3,3,,,43.4
334,Zach Pascal,PHI,WR,28,17,2,19,15,0,0,0,0,0,0,1,150,1,0,0,0,,,36
335,Eric Saubert,DEN,TE,28,17,6,24,15,0,0,0,0,0,0,0,148,1,0,0,0,,,35.8
336,Sterling Shepard,NYG,WR,29,3,2,24,13,0,0,0,0,0,0,0,154,1,0,0,0,,,34.4
337,Davis Webb,NYG,QB,27,1,1,0,0,168,1,40,23,41,1,6,0,0,0,0,0,,,20.8
338,Avery Williams,ATL,RB,24,17,3,14,13,0,0,0,0,109,1,22,61,0,0,1,1,,,34
339,Mike Boone,DEN,RB,27,9,0,15,9,0,0,0,0,102,0,24,96,0,0,0,0,,,28.8
340,Keelan Cole,LVR,WR,29,14,3,21,10,0,0,0,0,0,0,0,141,1,0,1,0,,,30.1
341,Johnny Mundt,MIN,TE,28,17,12,21,19,0,0,0,0,0,0,0,140,1,0,0,0,,,39
342,Pierre Strong,NWE,RB,24,15,0,7,7,0,0,0,0,100,1,10,42,0,0,0,0,,,27.2
343,Ian Thomas,CAR,TE,26,17,17,30,21,0,0,0,0,0,0,0,197,0,0,0,0,,,40.7
344,Eric Tomlinson,DEN,TE,30,17,12,13,9,0,0,0,0,0,0,0,79,2,0,0,0,,,28.9
345,Mitchell Wilcox,CIN,TE,26,16,4,18,17,0,0,0,0,0,0,0,139,1,0,0,0,,,36.9
346,David Blough,ARI,QB,27,2,2,0,0,402,2,58,38,5,0,4,0,0,2,1,1,,,18.6
347,Tevin Coleman,SFO,RB,29,5,0,3,3,0,0,0,0,26,1,12,44,1,0,0,0,,,22
348,KJ Hamler,DEN,WR,23,7,0,14,7,0,0,0,0,23,0,2,165,0,0,0,0,,,25.8
349,Scott Miller,TAM,WR,25,15,1,40,23,0,0,0,0,8,0,1,185,0,0,0,0,,,42.3
350,Denzel Mims,NYJ,WR,25,10,4,25,11,0,0,0,0,0,0,0,186,0,0,0,0,,,29.6
351,Donald Parham,LAC,TE,25,6,1,12,10,0,0,0,0,0,0,0,130,1,0,0,0,,,29
352,Jalen Reagor,MIN,WR,23,17,0,13,8,0,0,0,0,25,0,4,104,1,0,4,0,,,26.9
353,Jonathan Williams,WAS,RB,28,13,2,10,7,0,0,0,0,152,0,37,40,0,0,0,0,,,26.2
354,Malik Willis,TEN,QB,23,8,3,0,0,276,0,61,31,123,1,27,0,0,3,3,2,,,19.3
355,Brandon Bolden,LVR,RB,32,16,0,9,9,0,0,0,0,66,0,17,57,1,0,0,0,,,27.3
356,Malcolm Brown,LAR,RB,29,11,0,6,5,0,0,0,0,81,1,18,37,0,0,0,0,,,22.8
357,Lawrence Cager,2TM,TE,25,7,4,19,13,0,0,0,0,0,0,0,118,1,0,0,0,,,30.8
358,N'Keal Harry,CHI,WR,25,7,0,9,7,0,0,0,0,0,0,0,116,1,0,0,0,,,24.6
359,Sam Howell,WAS,QB,22,1,1,0,0,169,1,19,11,35,1,5,0,0,1,0,0,,,18.3
360,Brett Rypien,DEN,QB,26,4,2,0,0,483,2,88,53,7,0,6,0,0,4,4,1,,,18
361,John Bates,WAS,TE,25,16,7,22,14,0,0,0,0,0,0,0,108,1,0,1,0,,,30.8
362,Cameron Brate,TAM,TE,31,11,1,38,20,0,0,0,0,0,0,0,174,0,0,0,0,,,37.4
363,Corey Clement,ARI,RB,28,9,1,7,5,0,0,0,0,55,1,15,54,0,0,0,0,,,21.9
364,Ross Dwelley,SFO,TE,27,12,0,5,3,0,0,0,0,0,0,0,105,1,0,0,0,,,19.5
365,James Mitchell,DET,TE,23,14,0,11,11,0,0,0,0,0,0,0,113,1,0,0,0,,,28.3
366,Steven Sims,PIT,WR,25,12,2,23,14,0,0,0,0,70,0,13,104,0,0,3,0,,,31.4
367,Benny Snell Jr.,PIT,RB,24,17,0,2,2,0,0,0,0,90,1,20,17,0,0,0,0,,,18.7
368,Skylar Thompson,MIA,QB,25,7,2,0,0,534,1,105,60,21,0,14,0,0,3,2,2,,,17.5
369,Darrel Williams,ARI,RB,27,6,0,8,4,0,0,0,0,102,1,21,9,0,0,0,0,,,21.1
370,Kyle Allen,HOU,QB,26,2,2,0,0,416,2,78,46,13,0,6,0,0,4,4,1,,,15.9
371,Jeff Driskel,HOU,QB,29,7,2,1,1,108,1,20,14,75,0,20,4,0,0,0,0,,,17.2
372,Sony Michel,LAC,RB,27,10,0,13,9,0,0,0,0,106,0,36,53,0,0,0,0,,,24.9
373,Albert Okwuegbunam,DEN,TE,24,8,1,18,10,0,0,0,0,0,0,0,95,1,0,0,0,,,25.5
374,Hassan Haskins,TEN,RB,23,15,1,12,11,0,0,0,0,93,0,25,57,0,0,0,0,,,26
375,DeSean Jackson,BAL,WR,36,7,1,17,9,0,0,0,0,0,0,0,153,0,0,0,0,,,24.3
376,Ronald Jones II,KAN,RB,25,6,0,1,1,0,0,0,0,70,1,17,22,0,0,0,0,,,16.2
377,Bryce Perkins,LAR,QB,26,5,1,0,0,161,1,34,19,90,0,19,0,0,2,0,0,,,15.4
378,Anthony Schwartz,CLE,WR,22,11,1,10,4,0,0,0,0,57,1,4,51,0,0,1,1,,,18.8
379,Derek Watt,PIT,RB,30,17,3,5,5,0,0,0,0,21,1,9,11,1,0,0,0,,,20.2
380,John Wolford,LAR,QB,27,3,3,0,0,390,1,62,38,32,0,8,0,0,3,3,1,,,14.8
381,Dan Arnold,JAX,TE,27,17,0,13,9,0,0,0,0,0,0,0,135,0,0,0,0,,,22.5
382,Kenny Golladay,NYG,WR,29,12,4,17,6,0,0,0,0,0,0,0,81,1,0,0,0,,,20.1
383,Zander Horvath,LAC,RB,24,15,2,8,5,0,0,0,0,8,0,4,8,2,0,0,0,,,18.6
384,Keaontay Ingram,ARI,RB,23,12,0,5,4,0,0,0,0,60,1,27,21,0,0,0,0,,,18.1
385,Tom Kennedy,DET,WR,26,7,1,15,8,0,0,0,0,0,0,0,141,0,0,0,0,,,22.1
386,Ko Kieft,TAM,TE,24,17,12,10,7,0,0,0,0,0,0,0,80,1,0,0,0,,,21
387,Breshad Perriman,TAM,WR,29,11,3,19,9,0,0,0,0,-7,0,2,110,1,0,2,1,,,23.3
388,Samori Toure,GNB,WR,24,11,2,10,5,0,0,0,0,0,0,0,82,1,0,1,0,,,19.2
389,Jameson Williams,DET,WR,21,6,0,9,1,0,0,0,0,40,0,1,41,1,0,0,0,,,15.1
390,Cedrick Wilson Jr.,MIA,WR,27,15,0,18,12,0,0,0,0,8,0,1,136,0,0,0,0,,,26.4
391,Salvon Ahmed,MIA,RB,24,12,0,1,1,0,0,0,0,64,1,12,8,0,0,0,0,,,14.2
392,Royce Freeman,HOU,RB,26,4,1,8,6,0,0,0,0,117,0,41,33,0,0,1,1,,,19
393,Zach Gentry,PIT,TE,26,17,13,23,19,0,0,0,0,0,0,0,132,0,0,0,0,,,32.2
394,Reggie Gilliam,BUF,RB,25,15,4,10,8,0,0,0,0,0,0,0,69,1,0,0,0,,,20.9
395,Tanner Hudson,NYG,TE,28,11,0,15,10,0,0,0,0,0,0,0,132,0,0,0,0,,,23.2
396,Brevin Jordan,HOU,TE,22,11,3,28,14,0,0,0,0,0,0,0,128,0,0,0,0,,,26.8
397,Chris Myarick,NYG,RB,27,16,8,8,7,0,0,0,0,0,0,0,65,1,0,0,0,,,19.5
398,Jeff Smith,NYJ,WR,25,11,0,11,8,0,0,0,0,0,0,0,134,0,0,0,0,,,21.4
399,Pharaoh Brown,2TM,TE,28,16,8,20,12,0,0,0,0,0,0,0,117,0,0,0,0,,,23.7
400,T.Y. Hilton,DAL,WR,33,3,0,10,7,0,0,0,0,0,0,0,121,0,0,0,0,,,19.1
401,Trey Lance,SFO,QB,22,2,2,0,0,194,0,31,15,67,0,16,0,0,1,1,0,,,12.5
402,Jordan Love,GNB,QB,24,4,0,0,0,195,1,21,14,-1,0,1,0,0,0,0,0,,,11.7
403,Quintin Morris,BUF,TE,23,14,1,11,8,0,0,0,0,0,0,0,84,1,0,1,1,,,20.4
404,Nick Mullens,MIN,QB,27,4,0,0,0,224,1,25,21,8,0,4,0,0,1,0,0,,,11.8
405,Jack Stoll,PHI,TE,24,17,11,14,11,0,0,0,0,0,0,0,123,0,0,0,0,,,23.3
406,Geoff Swaim,TEN,TE,29,17,13,16,12,0,0,0,0,0,0,0,58,1,0,0,0,,,23.8
407,Jalen Virgil,DEN,WR,24,9,1,5,2,0,0,0,0,0,0,0,75,1,0,1,1,,,13.5
408,Josiah Deguara,GNB,TE,25,17,3,15,13,0,0,0,0,0,0,0,114,0,0,0,0,,,24.4
409,Kevin Harris,NWE,RB,22,5,1,0,0,0,0,0,0,52,1,18,0,0,0,0,0,,,11.2
410,Brycen Hopkins,LAR,TE,25,14,1,11,7,0,0,0,0,0,0,0,109,0,0,0,0,,,17.9
411,David Sills,NYG,WR,26,9,5,17,11,0,0,0,0,0,0,0,106,0,0,0,0,,,21.6
412,Tyrod Taylor,NYG,QB,33,3,0,0,0,58,1,8,6,70,0,5,0,0,1,2,1,,1,11.3
413,John Brown,BUF,WR,32,3,0,2,1,0,0,0,0,0,0,0,42,1,0,0,0,,,11.2
414,Snoop Conner,JAX,RB,22,8,0,0,0,0,0,0,0,42,1,12,0,0,0,0,0,,,10.2
415,Tyrion Davis-Price,SFO,RB,22,6,0,2,0,0,0,0,0,99,0,34,0,0,0,0,0,,,9.9
416,Chris Evans,CIN,RB,25,12,0,4,3,0,0,0,0,0,0,0,38,1,0,0,0,,,12.8
417,Darrynton Evans,CHI,RB,24,6,0,1,1,0,0,0,0,64,0,14,33,0,0,0,0,,,10.7
418,Anthony Firkser,ATL,TE,27,11,1,13,9,0,0,0,0,0,0,0,100,0,0,0,0,,,19
419,Marcus Johnson,NYG,WR,28,14,7,22,9,0,0,0,0,0,0,0,99,0,0,0,0,,,18.9
420,Dax Milne,WAS,WR,23,15,1,7,6,0,0,0,0,0,0,0,37,1,0,1,0,,,15.7
421,Kene Nwangwu,MIN,RB,24,17,0,2,2,0,0,0,0,14,0,9,21,0,0,0,0,,,11.5
422,Giovanni Ricci,CAR,RB,26,15,3,9,8,0,0,0,0,0,0,0,100,0,0,0,0,,,18
423,Trevor Siemian,CHI,QB,31,2,1,0,0,184,1,26,15,8,0,4,0,0,1,0,0,,,10.2
424,Michael Bandy,LAC,WR,25,10,2,21,10,0,0,0,0,0,0,0,89,0,0,0,0,,,18.9
425,Parker Hesse,ATL,TE,27,17,7,11,9,0,0,0,0,0,0,0,89,0,0,0,0,,,17.9
426,Phillip Lindsay,IND,RB,28,3,0,8,6,0,0,0,0,49,0,15,19,0,0,0,0,1,,14.8
427,Trace McSorley,ARI,QB,27,6,1,0,0,412,0,83,45,61,0,15,0,0,5,2,2,,,8.6
428,Patrick Ricard*,BAL,RB,28,17,16,13,11,0,0,0,0,16,0,7,74,0,0,0,0,,,20
429,Armani Rogers,WAS,TE,25,11,3,6,5,0,0,0,0,26,0,2,64,0,0,0,0,,,14
430,Kyle Rudolph,TAM,TE,33,9,0,5,3,0,0,0,0,0,0,0,28,1,0,0,0,,,11.8
431,Cam Sims,WAS,WR,26,17,3,18,8,0,0,0,0,0,0,0,89,0,0,0,0,,,16.9
432,Chris Streveler,NYJ,QB,27,2,1,0,0,90,0,15,10,54,0,9,0,0,0,1,0,,,9
433,Jordan Wilkins,IND,RB,28,4,0,8,6,0,0,0,0,58,0,13,29,0,0,0,0,,,14.7
434,Tyler Badie,DEN,RB,22,1,0,1,1,0,0,0,0,0,0,1,24,1,0,0,0,,,9.4
435,Blake Bell,KAN,TE,31,3,1,2,2,0,0,0,0,0,0,0,20,1,0,0,0,,,10
436,Grant Calcaterra,PHI,TE,24,15,2,9,5,0,0,0,0,0,0,0,81,0,0,0,0,,,13.1
437,Chase Daniel,LAC,QB,36,4,0,0,0,52,1,12,8,4,0,1,0,0,0,0,0,,1,8.5
438,Brandon Johnson,DEN,WR,24,7,1,14,6,0,0,0,0,0,0,0,42,1,0,1,1,,,14.2
439,Jaret Patterson,WAS,RB,23,3,0,1,0,0,0,0,0,78,0,17,0,0,0,0,0,,,7.8
440,Nathan Peterman,CHI,QB,28,3,1,0,0,139,1,25,14,7,0,2,0,0,1,0,0,,,8.3
441,Andrew Beck,DEN,TE,26,13,4,11,5,0,0,0,0,0,0,2,69,0,0,0,0,,,11.9
442,D'Wayne Eskridge,SEA,WR,25,10,0,13,7,0,0,0,0,10,0,2,58,0,0,0,0,,,13.8
443,Tyler Mabry,SEA,TE,26,2,0,1,1,0,0,0,0,0,0,0,7,1,0,0,0,,,7.7
444,Tre' McKitty,LAC,TE,23,17,8,18,10,0,0,0,0,0,0,0,72,0,0,1,0,,,17.2
445,Ty Montgomery,NWE,WR,29,1,0,4,3,0,0,0,0,-2,0,2,15,1,0,0,0,,,10.3
446,Gunner Olszewski,PIT,WR,26,16,2,7,5,0,0,0,0,39,0,8,53,0,0,2,1,,,12.2
447,Freddie Swain,2TM,WR,24,4,1,6,4,0,0,0,0,0,0,0,74,0,0,1,0,,,11.4
448,Ke'Shawn Vaughn,TAM,RB,25,15,0,4,3,0,0,0,0,53,0,17,19,0,0,0,0,,,10.2
449,Kevin White,NOR,WR,30,7,2,5,2,0,0,0,0,0,0,0,74,0,0,0,0,,,9.4
450,Zamir White,LVR,RB,23,14,0,0,0,0,0,0,0,70,0,17,0,0,0,0,0,,,7
451,Anthony Brown,BAL,QB,24,2,1,0,0,302,0,49,22,-5,0,3,0,0,2,1,1,,,5.6
452,Jamison Crowder,BUF,WR,29,4,0,13,6,0,0,0,0,0,0,0,60,0,0,1,0,,,12
453,Jalen Guyton,LAC,WR,25,3,0,4,2,0,0,0,0,0,0,0,64,0,0,0,0,,,8.4
454,Tyler Kroft,SFO,TE,30,11,4,5,4,0,0,0,0,0,0,0,57,0,0,0,0,,,9.7
455,Jake Kumerow,BUF,WR,30,6,1,7,4,0,0,0,0,0,0,0,64,0,0,0,0,,,10.4
456,Mike Strachan,IND,WR,25,13,0,9,3,0,0,0,0,0,0,0,59,0,0,0,0,,,8.9
457,Trent Taylor,CIN,WR,28,16,1,10,6,0,0,0,0,15,0,4,62,0,0,2,1,,,11.7
458,Deven Thompkins,TAM,WR,23,5,1,10,5,0,0,0,0,26,0,2,32,0,0,1,0,,,10.8
459,Mike Thomas,CIN,WR,28,10,2,10,2,0,0,0,0,0,0,0,38,0,0,0,0,1,,7.8
460,Nick Vannett,2TM,TE,29,9,3,9,6,0,0,0,0,0,0,0,55,0,0,0,0,,,11.5
461,Trayveon Williams,CIN,RB,25,8,0,3,2,0,0,0,0,30,0,6,30,0,0,0,0,,,8
462,Andre Baccellia,ARI,WR,25,8,0,10,7,0,0,0,0,0,0,0,45,0,0,0,0,,,11.5
463,Spencer Brown,CAR,RB,24,2,0,4,2,0,0,0,0,43,0,9,10,0,0,0,0,,,7.3
464,Julius Chestnut,TEN,RB,22,6,0,3,3,0,0,0,0,12,0,9,41,0,0,0,0,,,8.3
465,Chris Conley,2TM,WR,30,9,1,7,4,0,0,0,0,0,0,0,46,0,0,0,0,,,8.6
466,Blaine Gabbert,TAM,QB,33,1,0,0,0,29,1,8,6,0,0,0,0,0,0,0,0,,,5.2
467,Myles Gaskin,MIA,RB,25,4,0,6,4,0,0,0,0,26,0,10,28,0,0,0,0,,,9.4
468,Cody Hollister,TEN,WR,29,11,3,5,3,0,0,0,0,0,0,0,54,0,0,0,0,,,8.4
469,David Johnson,NOR,RB,31,5,0,4,4,0,0,0,0,24,0,12,47,0,0,1,1,,,9.1
470,Tony Jones,2TM,RB,25,6,0,8,5,0,0,0,0,24,0,10,30,0,0,0,0,,,10.4
471,Charlie Kolar,BAL,TE,23,2,0,6,4,0,0,0,0,0,0,0,49,0,0,0,0,,,8.9
472,Ronnie Rivers,LAR,RB,23,8,1,5,5,0,0,0,0,21,0,9,29,0,0,0,0,,,10
473,Isaiah Spiller,LAC,RB,21,6,0,3,3,0,0,0,0,41,0,18,13,0,0,0,0,,,8.4
474,Stephen Sullivan,CAR,TE,26,14,0,6,2,0,0,0,0,0,0,0,46,0,0,0,0,,,6.6
475,Patrick Taylor,GNB,RB,24,14,0,1,1,0,0,0,0,31,0,10,17,0,0,0,0,,,5.8
476,Dwayne Washington,NOR,RB,28,12,0,1,1,0,0,0,0,38,0,11,7,0,0,0,0,,,5.5
477,Trevon Wesco,CHI,TE,27,14,1,4,2,0,0,0,0,0,0,0,26,0,0,0,0,1,,6.6
478,Cole Beasley,2TM,WR,33,4,1,7,6,0,0,0,0,0,0,0,35,0,0,0,0,,,9.5
479,Kendall Blanton,LAR,TE,27,4,0,2,2,0,0,0,0,0,0,0,35,0,0,0,0,,,5.5
480,Trestan Ebner,CHI,RB,23,17,0,8,2,0,0,0,0,54,0,24,8,0,0,2,1,,,6.2
481,Luke Farrell,JAX,TE,25,17,0,4,4,0,0,0,0,0,0,0,40,0,0,0,0,,,8
482,Chris Manhertz,JAX,TE,30,17,11,8,6,0,0,0,0,0,0,0,42,0,0,0,0,,,10.2
483,Anthony McFarland Jr.,PIT,RB,23,1,0,2,2,0,0,0,0,30,0,6,11,0,0,0,0,,,6.1
484,Racey McMath,TEN,WR,23,5,0,8,2,0,0,0,0,4,0,1,40,0,0,0,0,,,6.4
485,Kyle Philips,TEN,WR,23,4,0,13,8,0,0,0,0,0,0,0,78,0,0,2,2,,,11.8
486,James Proche,BAL,WR,26,15,0,17,8,0,0,1,0,0,0,0,62,0,1,0,0,,,12.2
487,Laquon Treadwell,SEA,WR,27,6,0,10,6,0,0,0,0,0,0,0,42,0,0,0,0,,,10.2
488,Michael Woods II,CLE,WR,22,10,0,10,5,0,0,0,0,-5,0,1,45,0,0,0,0,,,9
489,Daylen Baldwin,CLE,WR,23,1,0,2,2,0,0,0,0,0,0,0,25,0,0,0,0,,,4.5
490,Giovani Bernard,TAM,RB,31,8,0,2,2,0,0,0,0,28,0,8,-1,0,0,1,0,,,4.7
491,Tyrie Cleveland,DEN,WR,25,6,0,7,2,0,0,0,0,0,0,0,28,0,0,0,0,,,4.8
492,Jaelon Darden,2TM,WR,23,14,0,2,2,0,0,0,0,2,0,1,26,0,0,0,0,,,4.8
493,Tyler Davis,GNB,TE,25,17,1,7,4,0,0,0,0,0,0,0,26,0,0,0,0,,,6.6
494,Ben Ellefson,MIN,TE,26,4,1,3,3,0,0,0,0,0,0,0,26,0,0,0,0,,,5.6
495,Ryan Griffin,CHI,TE,32,15,0,8,4,0,0,0,0,0,0,0,26,0,0,0,0,,,6.6
496,Tim Jones,JAX,WR,24,17,1,4,3,0,0,0,0,0,0,0,30,0,0,0,0,,,6
497,Larry Rountree,LAC,RB,23,4,0,2,2,0,0,0,0,19,0,13,14,0,0,0,0,,,5.3
498,DJ Turner,LVR,WR,25,9,0,1,0,0,0,0,0,26,0,4,0,0,0,1,0,,,2.6
499,Tylan Wallace,BAL,WR,23,9,0,7,4,0,0,0,0,0,0,0,33,0,0,0,0,,,7.3
500,Jonathan Ward,2TM,RB,25,8,0,3,2,0,0,0,0,25,0,5,7,0,0,0,0,,,5.2
501,Michael Burton,KAN,RB,30,17,0,3,2,0,0,0,0,7,0,5,11,0,0,0,0,,,3.8
502,Quintez Cephus,DET,WR,24,4,1,3,2,0,0,0,0,0,0,0,15,0,0,0,0,,,3.5
503,Ty Chandler,MIN,RB,24,3,0,0,0,0,0,0,0,20,0,6,0,0,0,0,0,,,2
504,Pharoh Cooper,ARI,WR,27,5,1,2,2,0,0,0,0,15,0,4,6,0,0,0,0,,,4.1
505,Frank Darby,ATL,WR,25,5,0,1,1,0,0,0,0,0,0,0,15,0,0,0,0,,,2.5
506,Mike Davis,BAL,RB,29,8,0,2,2,0,0,0,0,18,0,8,4,0,0,1,0,,,4.2
507,Bryan Edwards,ATL,WR,24,7,1,5,3,0,0,0,0,0,0,0,15,0,0,0,0,,,4.5
508,Simi Fehoko,DAL,WR,25,5,0,4,3,0,0,0,0,0,0,0,24,0,0,0,0,,,5.4
509,Nick Foles,IND,QB,33,3,2,0,0,224,0,42,25,8,0,2,0,0,4,0,0,,,1.8
510,Danny Gray,SFO,WR,23,13,0,7,1,0,0,0,0,9,0,1,10,0,0,0,0,,,2.9
511,Troy Hairston,HOU,RB,24,16,5,8,5,0,0,0,0,0,0,0,19,0,0,0,0,,,6.9
512,Penny Hart,SEA,WR,26,9,0,4,3,0,0,0,0,0,0,0,20,0,0,0,0,,,5
513,Jesper Horsted,LVR,TE,25,15,0,4,3,0,0,0,0,0,0,0,19,0,0,0,0,,,4.9
514,Dennis Houston,DAL,WR,23,2,0,6,2,0,0,0,0,0,0,0,16,0,0,0,0,,,3.6
515,Lil'Jordan Humphrey,NWE,WR,24,6,2,4,2,0,0,0,0,0,0,0,20,0,0,0,0,,,4
516,Andy Isabella,2TM,WR,26,5,0,5,2,0,0,0,0,1,0,1,21,0,0,0,0,,,4.2
517,Cade Johnson,SEA,WR,24,3,0,4,2,0,0,0,0,0,0,0,21,0,0,0,0,,,4.1
518,D'Ernest Johnson,CLE,RB,26,15,0,3,3,0,0,0,0,17,0,4,7,0,0,0,0,,,5.4
519,Keith Kirkwood,NOR,WR,28,5,1,4,2,0,0,0,0,0,0,0,18,0,0,0,0,,,3.8
520,Dezmon Patmon,IND,WR,24,1,0,6,2,0,0,0,0,0,0,0,24,0,0,0,0,,,4.4
521,Adam Prentice,NOR,RB,25,11,2,3,3,0,0,0,0,9,0,4,9,0,0,1,0,,,4.8
522,Trey Sermon,PHI,RB,23,2,0,0,0,0,0,0,0,19,0,2,0,0,0,0,0,,,1.9
523,Stone Smartt,LAC,TE,24,7,1,5,4,0,0,0,0,0,0,0,17,0,0,0,0,,,5.7
524,J.J. Taylor,NWE,RB,24,1,0,1,1,0,0,0,0,9,0,10,8,0,0,0,0,,,2.7
525,Cole Turner,WAS,TE,22,10,2,9,2,0,0,0,0,0,0,0,23,0,0,0,0,,,4.3
526,Maxx Williams,ARI,TE,28,11,1,3,3,0,0,0,0,0,0,0,18,0,0,0,0,,,4.8
527,Juwann Winfree,GNB,WR,26,3,0,4,1,0,0,0,0,0,0,0,17,0,0,0,0,,,2.7
528,Dareke Young,SEA,WR,23,13,0,2,2,0,0,0,0,0,0,0,24,0,0,0,0,,,4.4
529,Maurice Alexander,DET,WR,25,4,0,1,1,0,0,0,0,0,0,0,7,0,0,0,0,,,1.7
530,Brandon Allen,CIN,QB,30,1,0,0,0,22,0,3,3,-1,0,3,0,0,0,0,0,,,0.8
531,Stephen Anderson,ARI,TE,29,16,0,7,3,0,0,0,0,0,0,0,9,0,0,0,0,,,3.9
532,Devin Asiasi,CIN,TE,25,12,0,4,2,0,0,0,0,0,0,0,5,0,0,0,0,,,2.5
533,C.J. Board,TEN,WR,29,4,0,1,1,0,0,0,0,0,0,0,6,0,0,1,0,,,1.6
534,Reggie Bonnafon,WAS,RB,26,1,0,0,0,0,0,0,0,8,0,3,0,0,0,0,0,,,0.8
535,Miles Boykin,PIT,WR,26,16,1,3,2,0,0,0,0,0,0,0,11,0,0,0,0,,,3.1
536,Jason Cabinda,DET,RB,26,8,2,4,1,0,0,0,0,4,0,1,5,0,0,0,0,,,1.9
537,Jalen Camp,HOU,WR,24,2,0,1,1,0,0,0,0,0,0,0,7,0,0,0,0,,,1.7
538,Jerome Ford,CLE,RB,23,13,0,0,0,0,0,0,0,12,0,8,0,0,0,0,0,,,1.2
539,Jacob Harris,LAR,TE,25,7,0,1,1,0,0,0,0,0,0,0,6,0,0,0,0,,,1.6
540,Kylin Hill,GNB,RB,24,2,0,0,0,0,0,0,0,7,0,1,0,0,0,0,0,,,0.7
541,Brian Hoyer,NWE,QB,37,1,1,0,0,37,0,6,5,0,0,0,0,0,0,0,0,,,1.5
542,Godwin Igwebuike,SEA,RB,28,5,0,1,1,0,0,0,0,4,0,3,3,0,0,0,0,,,1.7
543,Jakob Johnson,LVR,RB,28,17,9,6,5,0,0,0,0,0,0,0,10,0,0,0,0,,,6
544,Josh Johnson,SFO,QB,36,2,0,0,0,10,0,2,1,3,0,2,0,0,0,0,0,,,0.7
545,Tyron Johnson,2TM,WR,26,4,1,1,1,0,0,0,0,0,0,0,8,0,0,0,0,,,1.8
546,Sean McKeon,DAL,TE,25,13,0,3,2,0,0,0,0,0,0,0,11,0,0,0,0,,,3.1
547,Jason Moore,LAC,WR,27,6,0,2,1,0,0,0,0,0,0,0,5,0,0,0,0,,,1.5
548,Devine Ozigbo,DEN,RB,26,4,0,1,1,0,0,0,0,4,0,3,3,0,0,0,0,,,1.7
549,Jeremy Ruckert,NYJ,TE,22,9,0,2,1,0,0,0,0,0,0,0,8,0,0,0,0,,,1.8
550,Mason Schreck,HOU,TE,29,3,1,2,2,0,0,0,0,0,0,0,6,0,0,0,0,,,2.6
551,Keith Smith,ATL,RB,30,17,6,2,1,0,0,0,0,2,0,1,8,0,0,0,0,,,2
552,Tommy Sweeney,BUF,TE,27,5,0,1,1,0,0,0,0,0,0,0,7,0,0,0,0,,,1.7
553,Jalen Tolbert,DAL,WR,23,8,1,3,2,0,0,0,0,0,0,0,12,0,0,0,0,,,3.2
554,Austin Trammell,LAR,WR,24,6,0,4,2,0,0,0,0,0,0,0,13,0,0,0,0,,,3.3
555,Kyle Trask,TAM,QB,24,1,0,0,0,23,0,9,3,0,0,0,0,0,0,0,0,,,0.9
556,Montrell Washington,DEN,WR,23,15,1,9,4,0,0,0,0,30,0,5,2,0,0,5,1,,,5.2
557,Nsimba Webster,CHI,WR,26,2,0,3,2,0,0,0,0,0,0,0,14,0,0,1,0,,,3.4
558,Ty'Son Williams,ARI,RB,26,1,0,1,1,0,0,0,0,0,0,0,5,0,0,0,0,,,1.5
559,Josh Ali,ATL,,23,2,0,1,0,0,0,0,0,0,0,0,0,0,0,0,0,,,
560,Chase Allen,CHI,,25,1,0,0,0,0,0,0,0,0,0,0,0,0,0,0,0,,,
561,Nick Bellore,SEA,RB,33,16,0,0,0,0,0,0,0,3,0,1,0,0,0,0,0,,,0.3
562,Trinity Benson,DET,,25,1,0,0,0,0,0,0,0,0,0,0,0,0,0,0,0,,,
563,Jared Bernhardt,ATL,,25,2,0,0,0,0,0,0,0,0,0,0,0,0,0,0,0,,,
564,Stanley Berryhill,DET,,24,4,0,0,0,0,0,0,0,0,0,0,0,0,0,0,0,,,
565,Khari Blasingame,CHI,,26,16,6,1,0,0,0,0,0,0,0,0,0,0,0,0,0,,,
566,Lynn Bowden Jr.,NWE,,25,1,0,0,0,0,0,0,0,0,0,0,0,0,0,0,0,,,
567,Nick Boyle,BAL,,29,12,0,0,0,0,0,0,0,0,0,0,0,0,0,0,0,,,
568,Brittain Brown,LVR,,25,6,0,0,0,0,0,0,0,0,0,0,0,0,0,0,0,,,
569,Trenton Cannon,TEN,,28,2,0,0,0,0,0,0,0,0,0,0,0,0,0,0,0,,,
570,Cethan Carter,MIA,,27,1,0,0,0,0,0,0,0,0,0,0,0,0,0,0,0,,,
571,Roger Carter,LAR,,23,1,0,0,0,0,0,0,0,0,0,0,0,0,0,0,0,,,
572,Dan Chisena,MIN,,25,2,0,0,0,0,0,0,0,0,0,0,0,0,0,0,0,,,
573,Tanner Conner,MIA,,24,13,0,3,0,0,0,0,0,0,0,0,0,0,0,0,0,,,
574,Keke Coutee,IND,WR,25,8,0,1,1,0,0,0,0,0,0,0,20,0,0,4,1,,,1
575,Britain Covey,PHI,,25,17,0,0,0,0,0,0,0,0,0,0,0,0,0,2,0,,,
576,Rico Dowdle,DAL,,24,5,0,0,0,0,0,0,0,0,0,0,0,0,0,0,0,,,
577,Jacob Eason,CAR,QB,25,1,0,0,0,59,0,5,3,0,0,0,0,0,1,0,0,,,0.4
578,Alex Erickson,WAS,,30,2,0,0,0,0,0,0,0,0,0,0,0,0,0,0,0,,,
579,Erik Ezukanma,MIA,WR,22,1,0,1,1,0,0,0,0,0,0,0,3,0,0,0,0,,,1.3
580,Demetric Felton,CLE,RB,24,8,2,4,2,0,0,0,0,-4,0,1,8,0,0,1,0,,,2.4
581,Ethan Fernea,IND,,24,1,0,0,0,0,0,0,0,0,0,0,0,0,0,0,0,,,
582,Feleipe Franks,ATL,TE,25,11,1,2,0,0,0,0,0,0,0,1,0,0,0,0,0,,,
583,Jake Funk,2TM,,24,6,0,0,0,0,0,0,0,0,0,0,0,0,0,0,0,,,
584,Kaylon Geiger,TAM,,25,3,0,0,0,0,0,0,0,0,0,0,0,0,0,0,0,,,
585,Tanner Gentry,BUF,,28,3,0,1,0,0,0,0,0,0,0,0,0,0,0,0,0,,,
586,Cullen Gillaspia,SEA,,27,6,0,0,0,0,0,0,0,0,0,0,0,0,0,0,0,,,
587,Josh Gordon,TEN,,31,2,0,1,0,0,0,0,0,0,0,0,0,0,0,0,0,,,
588,Garrett Griffin,DET,,28,1,0,0,0,0,0,0,0,0,0,0,0,0,0,0,0,,,
589,Justin Hardee*,NYJ,,28,17,0,0,0,0,0,0,0,0,0,0,0,0,0,0,0,,,
590,Clark Harris,CIN,,38,1,0,0,0,0,0,0,0,0,0,0,0,0,0,0,0,,,
591,Rashard Higgins,CAR,,28,3,0,0,0,0,0,0,0,0,0,0,0,0,0,0,0,,,
592,Jacob Hollister,2TM,,29,5,0,0,0,0,0,0,0,0,0,0,0,0,0,0,0,,,
593,J.P. Holtz,NOR,,29,6,2,0,0,0,0,0,0,0,0,0,0,0,0,0,0,,,
594,Jordan Howard,NOR,RB,28,2,0,0,0,0,0,0,0,1,0,1,0,0,0,0,0,,,0.1
595,Tyree Jackson,PHI,,25,5,0,0,0,0,0,0,0,0,0,0,0,0,0,0,0,,,
596,Jesse James,CLE,,28,2,0,0,0,0,0,0,0,0,0,0,0,0,0,0,0,,,
597,Duke Johnson,BUF,RB,29,1,0,0,0,0,0,0,0,4,0,2,0,0,0,0,0,,,0.4
598,Johnny Johnson,HOU,,23,1,0,0,0,0,0,0,0,0,0,0,0,0,0,0,0,,,
599,Tyler Johnson,HOU,,24,2,0,0,0,0,0,0,0,0,0,0,0,0,0,0,0,,,
600,Nikola Kalinic,IND,,25,7,2,0,0,0,0,0,0,0,0,0,0,0,0,0,0,,,
601,Case Keenum,BUF,QB,34,2,0,0,0,8,0,7,2,0,0,5,0,0,0,0,0,,,0.3
602,John Kelly,CLE,,26,1,0,0,0,0,0,0,0,0,0,0,0,0,0,0,0,,,
603,Marcus Kemp,KAN,,27,3,0,0,0,0,0,0,0,0,0,0,0,0,0,0,0,,,
604,Mason Kinsey,TEN,WR,24,2,0,1,1,0,0,0,0,0,0,0,3,0,0,1,0,,,1.3
605,Lucas Krull,NOR,,24,1,0,0,0,0,0,0,0,0,0,0,0,0,0,0,0,,,
606,Kwamie Lassiter II,CIN,,24,1,0,0,0,0,0,0,0,0,0,0,0,0,0,0,0,,,
607,Hunter Long,MIA,,24,9,0,0,0,0,0,0,0,0,0,0,0,0,0,0,0,,,
608,Tay Martin,SFO,,25,2,0,0,0,0,0,0,0,0,0,0,0,0,0,0,0,,,
609,Lance McCutcheon,LAR,,23,10,1,5,0,0,0,0,0,0,0,0,0,0,0,0,0,,,
610,Kyric McGowan,WAS,,23,2,0,0,0,0,0,0,0,0,0,0,0,0,0,0,0,,,
611,Kirk Merritt,NOR,,25,4,0,0,0,0,0,0,0,0,0,0,0,0,0,0,0,,,
612,Stanley Morgan Jr.,CIN,,26,14,0,1,0,0,0,0,0,0,0,0,0,0,0,0,0,,,
613,Nick Muse,MIN,,24,10,0,0,0,0,0,0,0,0,0,0,0,0,0,0,0,,,
614,Qadree Ollison,DAL,,26,3,0,0,0,0,0,0,0,0,0,0,0,0,0,0,0,,,
615,Matthew Orzech,LAR,,27,17,0,0,0,0,0,0,0,0,0,0,0,0,0,0,0,,,
616,Cornell Powell,KAN,,25,3,0,0,0,0,0,0,0,0,0,0,0,0,0,0,0,,,
617,D'Vonte Price,IND,,23,1,0,0,0,0,0,0,0,0,0,0,0,0,0,0,0,,,
618,Kevin Rader,TEN,,27,14,2,0,0,0,0,0,0,0,0,0,0,0,0,0,0,,,
619,Andre Roberts,CAR,,34,3,0,0,0,0,0,0,0,0,0,0,0,0,0,1,0,,,
620,Richard Rodgers,LAC,TE,30,10,1,4,1,0,0,0,0,0,0,0,4,0,0,0,0,,,1.4
621,Drew Sample,CIN,TE,26,2,2,2,2,0,0,0,0,0,0,0,-2,0,0,0,0,,,1.8
622,Braylon Sanders,MIA,WR,23,3,0,3,2,0,0,0,0,0,0,0,17,0,0,1,1,,,1.7
623,Matthew Slater,NWE,,37,17,0,0,0,0,0,0,0,0,0,0,0,0,0,0,0,,,
624,Willie Snead,SFO,,30,4,0,0,0,0,0,0,0,0,0,0,0,0,0,0,0,,,
625,Matt Sokol,NWE,,27,3,0,0,0,0,0,0,0,0,0,0,0,0,0,0,0,,,
626,Nate Sudfeld,DET,QB,29,2,0,0,0,0,0,0,0,-4,0,5,0,0,0,0,0,,,-0.4
627,Keir Thomas,LAR,,24,8,0,0,0,0,0,0,0,0,0,0,0,0,0,0,0,,,
628,Noah Togiai,PHI,,25,2,0,1,0,0,0,0,0,0,0,0,0,0,0,0,0,,,
629,Jake Tonges,CHI,,23,4,0,1,0,0,0,0,0,0,0,0,0,0,0,0,0,,,
630,Malik Turner,SFO,,26,3,0,0,0,0,0,0,0,0,0,0,0,0,0,0,0,,,
631,Binjimen Victor,BAL,,25,2,0,0,0,0,0,0,0,0,0,0,0,0,0,0,0,,,
632,James Washington,DAL,,26,2,0,1,0,0,0,0,0,0,0,0,0,0,0,0,0,,,
633,Scotty Washington,NWE,,26,1,0,0,0,0,0,0,0,0,0,0,0,0,0,0,0,,,
634,Raleigh Webb,2TM,,25,12,0,0,0,0,0,0,0,0,0,0,0,0,0,0,0,,,
635,Cody White,PIT,WR,24,1,1,1,1,0,0,0,0,0,0,0,2,0,0,0,0,,,1.2
636,Antonio Williams,NYG,,25,2,0,0,0,0,0,0,0,0,0,0,0,0,0,0,0,,,
637,Damien Williams,ATL,RB,30,1,1,0,0,0,0,0,0,2,0,2,0,0,0,0,0,,,0.2
638,Preston Williams,CAR,,25,1,0,0,0,0,0,0,0,0,0,0,0,0,0,0,0,,,
639,Javon Wims,ARI,,28,1,0,0,0,0,0,0,0,0,0,0,0,0,0,0,0,,,
640,Charlie Woerner,SFO,,25,17,2,2,0,0,0,0,0,0,0,0,0,0,0,0,0,,,
641,Logan Woodside,ATL,,27,1,0,0,0,0,0,0,0,0,0,0,0,0,0,0,0,,,
642,Brandon Zylstra,DET,,29,2,0,0,0,0,0,0,0,0,0,0,0,0,0,0,0,,,
643,C.J. Beathard,JAX,QB,29,4,0,0,0,35,0,11,7,-4,0,4,0,0,1,0,0,,,-1
644,Deonte Harty,NOR,WR,25,4,0,2,2,0,0,0,0,0,0,0,13,0,0,1,1,,,1.3
645,Chad Henne,KAN,QB,37,3,0,0,0,0,0,2,0,-5,0,5,0,0,0,1,0,,,-0.5
646,Ihmir Smith-Marsette,2TM,WR,23,8,0,4,1,0,0,0,0,-1,0,1,15,0,0,1,1,,,0.4
647,KaVontae Turpin*,DAL,WR,26,17,0,2,1,0,0,0,0,17,0,3,9,0,0,3,2,,,-0.4
648,Taiwan Jones,BUF,,34,16,0,0,0,0,0,0,0,0,0,0,0,0,0,1,1,,,-2
649,Chester Rogers,CLE,,28,3,0,0,0,0,0,0,0,0,0,0,0,0,0,1,1,,,-2
650,Tim Boyle,CHI,QB,28,1,0,0,0,33,0,8,2,-2,0,2,0,0,2,0,0,,,-2.9
